datum;povp. dnevna T [°C];max. T [°C];min. T [°C];min. T na 5cm [°C];povp. veter [m/s];oblačnost [%];povp. rel. vla. [%];povp. tlak [hPa];količina padavin [mm];višina snežne odeje [cm];višina novega snega [cm];trajanje sonca [h];močan veter;viharni veter;dež;rosenje;ploha dežja;nevihta;grmenje;bliskanje;dež, ki zmrzuje;rosenje, ki zmrzuje;iglice;sneg;zrnat sneg;ploha snega;dež s snegom;babje pšeno;ploha dežja s snegom;toča;sodra;megla;megla z vidnim nebom;ledena megla;meglica;suha motnost;talna megla;rosa;slana;poledica;poledica na tleh;ivje;trdo ivje;padavine;snežna odeja
01/01/2019;4.4;9.1;-0.7;-1.3;2.3;67;78;1026;0;0;0;4;ne;ne;ne;ne;ne;ne;ne;ne;ne;ne;ne;ne;ne;ne;ne;ne;ne;ne;ne;ne;ne;ne;ne;ne;ne;da;da;ne;ne;ne;ne;ne;ne
02/01/2019;3;12.1;-0.8;0.3;3.4;40;60;1019;0;0;0;5.4;da;ne;ne;ne;ne;ne;ne;ne;ne;ne;ne;ne;ne;ne;ne;ne;ne;ne;ne;ne;ne;ne;ne;ne;ne;ne;da;ne;ne;ne;ne;ne;ne
03/01/2019;3.9;8;-4.4;-8.6;4.9;23;43;1026;0;0;0;7.9;ne;ne;ne;ne;ne;ne;ne;ne;ne;ne;ne;ne;ne;ne;ne;ne;ne;ne;ne;ne;ne;ne;ne;ne;ne;ne;da;ne;ne;ne;ne;ne;ne
04/01/2019;1.3;6.7;-2;-6.8;3.1;30;54;1028;0;0;0;6.7;ne;ne;ne;ne;ne;ne;ne;ne;ne;ne;ne;ne;ne;ne;ne;ne;ne;ne;ne;ne;ne;ne;ne;ne;ne;da;da;ne;ne;ne;ne;ne;ne
05/01/2019;1.3;7.9;-1.8;-3.2;3.6;57;67;1020;0;0;0;2.2;ne;ne;ne;ne;ne;ne;ne;ne;ne;ne;ne;ne;ne;ne;ne;ne;ne;ne;ne;ne;ne;ne;ne;ne;ne;ne;da;ne;ne;ne;ne;ne;ne
06/01/2019;2.2;8.5;-2.4;-4.6;3.3;33;78;1019;0;0;0;7.9;ne;ne;ne;ne;ne;ne;ne;ne;ne;ne;ne;ne;ne;ne;ne;ne;ne;ne;ne;ne;ne;ne;ne;ne;ne;ne;da;ne;ne;ne;ne;ne;ne
07/01/2019;4.4;7.5;-1.5;-2;2.6;73;67;1026;0;0;0;0.8;ne;ne;ne;ne;ne;ne;ne;ne;ne;ne;ne;ne;ne;ne;ne;ne;ne;ne;ne;ne;ne;ne;ne;ne;ne;ne;da;ne;ne;ne;ne;ne;ne
08/01/2019;4.8;8.3;2.2;1.2;1.7;70;80;1014;0;0;0;0;ne;ne;da;ne;ne;ne;ne;ne;ne;ne;ne;ne;ne;ne;ne;ne;ne;ne;ne;ne;ne;ne;ne;ne;ne;da;ne;ne;ne;ne;ne;ne;ne
09/01/2019;3.2;8.5;-0.3;-3.2;3;87;89;1005;0;0;0;2.9;ne;ne;ne;ne;ne;ne;ne;ne;ne;ne;ne;ne;ne;ne;ne;ne;ne;ne;ne;ne;ne;ne;da;ne;ne;da;da;ne;ne;ne;ne;da;ne
10/01/2019;5.5;9.9;-1.3;-4.5;4.2;20;45;1011;0;0;0;6.6;da;ne;ne;ne;ne;ne;ne;ne;ne;ne;ne;ne;ne;ne;ne;ne;ne;ne;ne;ne;ne;ne;da;ne;ne;da;ne;ne;ne;ne;ne;ne;ne
11/01/2019;1.9;7.8;-1.7;-3.9;3.6;20;47;1020;0;0;0;8.1;ne;ne;ne;ne;ne;ne;ne;ne;ne;ne;ne;ne;ne;ne;ne;ne;ne;ne;ne;ne;ne;ne;ne;ne;ne;ne;ne;ne;ne;ne;ne;ne;ne
12/01/2019;2.5;8.7;-2.3;-5.9;3.6;60;70;1017;0;0;0;4.2;ne;ne;ne;ne;ne;ne;ne;ne;ne;ne;ne;ne;ne;ne;ne;ne;ne;ne;ne;ne;ne;ne;ne;ne;ne;ne;ne;ne;ne;ne;ne;ne;ne
13/01/2019;4.8;10.1;-0.8;-4;2.4;47;77;1008;0;0;0;5.5;ne;ne;ne;ne;ne;ne;ne;ne;ne;ne;ne;ne;ne;ne;ne;ne;ne;ne;ne;ne;ne;ne;ne;ne;ne;ne;da;ne;ne;ne;ne;ne;ne
14/01/2019;4.8;11.6;1.9;-1.4;2.1;40;84;1004;0;0;0;7.4;ne;ne;ne;ne;ne;ne;ne;ne;ne;ne;ne;ne;ne;ne;ne;ne;ne;ne;ne;ne;ne;ne;da;ne;ne;da;ne;ne;ne;ne;ne;ne;ne
15/01/2019;3.8;11.1;-0.7;-2;3.7;10;55;1018;0;0;0;8.2;ne;ne;ne;ne;ne;ne;ne;ne;ne;ne;ne;ne;ne;ne;ne;ne;ne;ne;ne;ne;ne;ne;ne;ne;ne;da;da;ne;ne;ne;ne;ne;ne
16/01/2019;6.9;11.5;1;-1.6;2.9;50;70;1019;0;0;0;7.1;ne;ne;ne;ne;ne;ne;ne;ne;ne;ne;ne;ne;ne;ne;ne;ne;ne;ne;ne;ne;ne;ne;ne;ne;ne;da;ne;ne;ne;ne;ne;ne;ne
17/01/2019;11.2;12.3;3.7;-1.7;3.7;90;75;1013;0;0;0;0;ne;ne;da;ne;ne;ne;ne;ne;ne;ne;ne;ne;ne;ne;ne;ne;ne;ne;ne;ne;ne;ne;ne;ne;ne;ne;ne;ne;ne;ne;ne;ne;ne
18/01/2019;6.3;11.3;4.6;7.6;2;77;76;1012;9.5;0;0;0;da;ne;da;ne;ne;ne;ne;ne;ne;ne;ne;ne;ne;ne;ne;ne;ne;ne;ne;ne;ne;ne;da;ne;ne;ne;ne;ne;ne;ne;ne;da;ne
19/01/2019;3.5;8.3;1.5;0.1;2.3;70;61;1015;3.8;0;0;2;ne;ne;ne;ne;ne;ne;ne;ne;ne;ne;ne;ne;ne;ne;ne;ne;ne;ne;ne;ne;ne;ne;ne;ne;ne;ne;ne;ne;ne;ne;ne;da;ne
20/01/2019;2.5;7.5;-1.9;-2.8;3.3;63;77;1015;0;0;0;5.2;ne;ne;ne;ne;ne;ne;ne;ne;ne;ne;ne;ne;ne;ne;ne;ne;ne;ne;ne;ne;ne;ne;ne;ne;ne;ne;da;ne;ne;ne;ne;ne;ne
21/01/2019;4.2;7.2;1;-1.6;2.7;87;56;1015;0;0;0;1.9;ne;ne;ne;ne;ne;ne;ne;ne;ne;ne;ne;ne;ne;ne;ne;ne;ne;ne;ne;ne;ne;ne;ne;ne;ne;ne;ne;ne;ne;ne;ne;ne;ne
22/01/2019;3.2;7.7;-2;-3.6;3.2;70;59;1005;0;0;0;3.5;ne;ne;ne;ne;ne;ne;ne;ne;ne;ne;ne;ne;ne;ne;ne;ne;ne;ne;ne;ne;ne;ne;ne;ne;ne;ne;da;ne;ne;ne;ne;ne;ne
23/01/2019;1.8;4.4;0.3;-0.4;1.6;67;83;997;0.1;0;0;0;ne;ne;da;ne;ne;ne;ne;ne;ne;ne;ne;da;ne;ne;da;ne;ne;ne;ne;ne;ne;ne;da;ne;ne;ne;ne;ne;ne;ne;ne;da;ne
24/01/2019;5.3;9;-2.3;-5.1;4.3;20;51;999;1.2;0;0;7.9;da;ne;ne;ne;ne;ne;ne;ne;ne;ne;ne;ne;ne;ne;ne;ne;ne;ne;ne;ne;ne;ne;ne;ne;ne;ne;ne;ne;ne;ne;ne;da;ne
25/01/2019;3.4;5.6;2.4;1.2;6.3;20;43;1007;0;0;0;7.5;da;ne;ne;ne;ne;ne;ne;ne;ne;ne;ne;ne;ne;ne;ne;ne;ne;ne;ne;ne;ne;ne;ne;ne;ne;ne;ne;ne;ne;ne;ne;ne;ne
26/01/2019;1.3;7;-3.3;-5.9;2.3;63;60;1010;0;0;0;6.4;da;ne;ne;ne;ne;ne;ne;ne;ne;ne;ne;ne;ne;ne;ne;ne;ne;ne;ne;ne;ne;ne;ne;ne;ne;ne;da;ne;ne;ne;ne;ne;ne
27/01/2019;7.9;11.7;-2.7;-4;4.5;93;65;1000;0;0;0;0.8;da;ne;da;ne;ne;ne;ne;ne;ne;ne;ne;ne;ne;ne;ne;ne;ne;ne;ne;ne;ne;ne;ne;ne;ne;ne;da;ne;ne;ne;ne;ne;ne
28/01/2019;6.3;12.1;4.9;5.3;3;93;78;996;2.4;0;0;0.1;da;ne;da;ne;ne;da;ne;ne;ne;ne;ne;ne;ne;ne;ne;ne;ne;ne;ne;ne;ne;ne;da;ne;ne;ne;ne;ne;ne;ne;ne;da;ne
29/01/2019;3.3;10.6;0.3;-2.2;3.6;47;68;1005;7.4;0;0;3.9;da;ne;ne;ne;ne;ne;ne;ne;ne;ne;ne;ne;ne;ne;ne;ne;ne;ne;ne;ne;ne;ne;ne;ne;ne;ne;da;ne;ne;ne;ne;da;ne
30/01/2019;2.6;7.6;-2.9;-6.7;3.2;60;73;1000;0;0;0;3.5;ne;ne;ne;ne;ne;ne;ne;ne;ne;ne;ne;ne;ne;ne;ne;ne;ne;ne;ne;ne;ne;ne;ne;ne;ne;ne;da;ne;ne;ne;ne;ne;ne
31/01/2019;4.7;8.9;0.2;-1.4;2.6;87;70;1002;0;0;0;4.4;ne;ne;ne;ne;ne;ne;ne;ne;ne;ne;ne;ne;ne;ne;ne;ne;ne;ne;ne;ne;ne;ne;ne;ne;ne;ne;da;ne;ne;ne;ne;ne;ne
01/02/2019;11.1;13.5;4.3;3.1;5.8;100;88;999;7.2;0;0;0;da;ne;da;ne;ne;ne;ne;ne;ne;ne;ne;ne;ne;ne;ne;ne;ne;ne;ne;ne;ne;ne;da;ne;ne;ne;ne;ne;ne;ne;ne;da;ne
02/02/2019;10.7;13.7;8.7;11.2;4.3;97;87;997;16.8;0;0;0;da;da;da;ne;ne;ne;ne;ne;ne;ne;ne;ne;ne;ne;ne;ne;ne;ne;ne;ne;ne;ne;ne;ne;ne;ne;ne;ne;ne;ne;ne;da;ne
03/02/2019;8.5;11.6;7.7;6.8;2.7;83;90;1005;36.6;0;0;3.6;ne;ne;da;ne;ne;da;ne;ne;ne;ne;ne;ne;ne;ne;ne;ne;ne;ne;ne;ne;ne;ne;ne;ne;ne;da;ne;ne;ne;ne;ne;da;ne
04/02/2019;7.7;11.2;5.5;3.6;4.6;10;46;1023;0;0;0;9.1;da;ne;ne;ne;ne;ne;ne;ne;ne;ne;ne;ne;ne;ne;ne;ne;ne;ne;ne;ne;ne;ne;ne;ne;ne;ne;ne;ne;ne;ne;ne;da;ne
05/02/2019;8.5;13.1;2.1;-1.1;4;3;51;1022;0;0;0;9.1;da;ne;ne;ne;ne;ne;ne;ne;ne;ne;ne;ne;ne;ne;ne;ne;ne;ne;ne;ne;ne;ne;ne;ne;ne;ne;ne;ne;ne;ne;ne;ne;ne
06/02/2019;6;14.5;2.8;-3.3;3.2;10;46;1023;0;0;0;9.3;da;ne;ne;ne;ne;ne;ne;ne;ne;ne;ne;ne;ne;ne;ne;ne;ne;ne;ne;ne;ne;ne;ne;ne;ne;ne;ne;ne;ne;ne;ne;ne;ne
07/02/2019;3.5;10.9;-1.3;-2.5;4;37;72;1018;0;0;0;8.3;ne;ne;ne;ne;ne;ne;ne;ne;ne;ne;ne;ne;ne;ne;ne;ne;ne;ne;ne;ne;ne;ne;ne;ne;ne;da;da;ne;ne;ne;ne;ne;ne
08/02/2019;5.3;13.9;1.2;0.4;3;33;66;1019;0;0;0;7.8;ne;ne;ne;ne;ne;ne;ne;ne;ne;ne;ne;ne;ne;ne;ne;ne;ne;ne;ne;ne;ne;ne;ne;ne;ne;da;ne;ne;ne;ne;ne;ne;ne
09/02/2019;5.9;11.8;0.9;-0.2;4.4;40;76;1020;0;0;0;6.4;ne;ne;ne;ne;ne;ne;ne;ne;ne;ne;ne;ne;ne;ne;ne;ne;ne;ne;ne;ne;ne;ne;da;ne;ne;da;da;ne;ne;ne;ne;ne;ne
10/02/2019;11.3;13.6;5.6;4.4;3.4;97;75;1014;0;0;0;0;da;ne;da;ne;ne;ne;ne;ne;ne;ne;ne;ne;ne;ne;ne;ne;ne;ne;ne;ne;ne;ne;ne;ne;ne;ne;ne;ne;ne;ne;ne;ne;ne
11/02/2019;6.9;13.4;5;7;3.8;87;87;1010;3.1;0;0;5.2;da;ne;da;da;ne;ne;ne;ne;ne;ne;ne;ne;ne;ne;ne;ne;ne;ne;ne;ne;ne;ne;da;ne;ne;ne;ne;ne;ne;ne;ne;da;ne
12/02/2019;5.4;12.5;1.5;1.2;3.7;37;81;1025;3.6;0;0;6.9;ne;ne;ne;ne;ne;ne;ne;ne;ne;ne;ne;ne;ne;ne;ne;ne;ne;ne;ne;ne;da;ne;da;ne;ne;da;ne;ne;ne;ne;ne;da;ne
13/02/2019;3.3;10.4;-1.8;-3;3.4;13;73;1035;0;0;0;8.1;ne;ne;ne;ne;ne;ne;ne;ne;ne;ne;ne;ne;ne;ne;ne;ne;ne;ne;ne;ne;ne;ne;ne;ne;ne;da;da;ne;ne;ne;ne;ne;ne
14/02/2019;3.8;11.2;-0.3;-1.4;2.8;23;76;1034;0;0;0;8.5;ne;ne;ne;ne;ne;ne;ne;ne;ne;ne;ne;ne;ne;ne;ne;ne;ne;ne;ne;ne;ne;ne;ne;ne;ne;da;da;ne;ne;ne;ne;ne;ne
15/02/2019;5.2;14.2;0.2;-1.1;3.5;10;75;1031;0;0;0;8.9;ne;ne;ne;ne;ne;ne;ne;ne;ne;ne;ne;ne;ne;ne;ne;ne;ne;ne;ne;ne;ne;ne;ne;ne;ne;da;da;ne;ne;ne;ne;ne;ne
16/02/2019;5.3;13.6;0.7;-2.1;3.2;10;75;1030;0;0;0;9.1;ne;ne;ne;ne;ne;ne;ne;ne;ne;ne;ne;ne;ne;ne;ne;ne;ne;ne;ne;ne;ne;ne;ne;ne;ne;da;da;ne;ne;ne;ne;ne;ne
17/02/2019;5.3;13.4;0.1;-0.9;3.9;0;83;1026;0;0;0;9.7;ne;ne;ne;ne;ne;ne;ne;ne;ne;ne;ne;ne;ne;ne;ne;ne;ne;ne;ne;ne;ne;ne;da;ne;ne;da;da;ne;ne;ne;ne;ne;ne
18/02/2019;5.5;13.2;0.5;-0.2;3.8;0;81;1023;0;0;0;9.5;ne;ne;ne;ne;ne;ne;ne;ne;ne;ne;ne;ne;ne;ne;ne;ne;ne;ne;ne;ne;ne;ne;da;ne;ne;da;da;ne;ne;ne;ne;ne;ne
19/02/2019;6.7;10.4;0.3;-0.1;1.4;73;85;1023;0;0;0;2.2;ne;ne;ne;ne;ne;ne;ne;ne;ne;ne;ne;ne;ne;ne;ne;ne;ne;ne;ne;da;ne;ne;da;ne;ne;da;ne;ne;ne;ne;ne;ne;ne
20/02/2019;6.4;11.3;3.8;5.6;2.6;47;81;1024;0;0;0;3.4;ne;ne;ne;ne;ne;ne;ne;ne;ne;ne;ne;ne;ne;ne;ne;ne;ne;ne;ne;ne;ne;ne;da;ne;ne;da;ne;ne;ne;ne;ne;ne;ne
21/02/2019;5.9;12.1;1.5;0.9;2.4;30;84;1027;0;0;0;6.9;ne;ne;ne;ne;ne;ne;ne;ne;ne;ne;ne;ne;ne;ne;ne;ne;ne;ne;ne;ne;ne;ne;da;da;ne;da;ne;ne;ne;ne;ne;ne;ne
22/02/2019;4.7;9.7;1.5;1.2;1.9;40;93;1024;0;0;0;4.9;da;ne;ne;ne;ne;ne;ne;ne;ne;ne;ne;ne;ne;ne;ne;ne;ne;ne;ne;da;da;ne;da;ne;ne;da;ne;ne;ne;ne;ne;ne;ne
23/02/2019;5.5;12.5;3.7;-1;6.1;7;16;1034;0;0;0;10.1;da;da;ne;ne;ne;ne;ne;ne;ne;ne;ne;ne;ne;ne;ne;ne;ne;ne;ne;ne;ne;ne;ne;ne;ne;ne;ne;ne;ne;ne;ne;ne;ne
24/02/2019;6.8;10;0.9;-3.9;3.7;30;25;1036;0;0;0;5.5;ne;ne;ne;ne;ne;ne;ne;ne;ne;ne;ne;ne;ne;ne;ne;ne;ne;ne;ne;ne;ne;ne;ne;ne;ne;ne;ne;ne;ne;ne;ne;ne;ne
25/02/2019;7.4;13.8;3.5;0.4;1.4;37;63;1032;0;0;0;9.6;ne;ne;ne;ne;ne;ne;ne;ne;ne;ne;ne;ne;ne;ne;ne;ne;ne;ne;ne;ne;ne;ne;ne;ne;ne;ne;ne;ne;ne;ne;ne;ne;ne
26/02/2019;9.6;16.4;4.6;2.9;1.6;63;61;1027;0;0;0;4.1;ne;ne;ne;ne;ne;ne;ne;ne;ne;ne;ne;ne;ne;ne;ne;ne;ne;ne;ne;ne;ne;ne;ne;ne;ne;ne;ne;ne;ne;ne;ne;ne;ne
27/02/2019;7.6;18.9;2;-2.7;4.7;7;64;1024;0;0;0;9.7;da;ne;ne;ne;ne;ne;ne;ne;ne;ne;ne;ne;ne;ne;ne;ne;ne;ne;ne;ne;ne;ne;ne;ne;ne;da;ne;ne;ne;ne;ne;ne;ne
28/02/2019;7.6;17.9;3;1.6;4;0;63;1017;0;0;0;9.8;ne;ne;ne;ne;ne;ne;ne;ne;ne;ne;ne;ne;ne;ne;ne;ne;ne;ne;ne;ne;ne;ne;ne;ne;ne;ne;ne;ne;ne;ne;ne;ne;ne
01/03/2019;7.7;13.2;1.2;-1.7;3.1;40;77;1012;0;0;0;4.3;ne;ne;da;ne;ne;ne;ne;ne;ne;ne;ne;ne;ne;ne;ne;ne;ne;ne;ne;ne;ne;ne;ne;ne;ne;ne;da;ne;ne;ne;ne;ne;ne
02/03/2019;7.5;14.3;2.6;1.6;3.6;30;80;1015;0;0;0;9.1;ne;ne;ne;ne;ne;ne;ne;ne;ne;ne;ne;ne;ne;ne;ne;ne;ne;ne;ne;ne;ne;ne;da;ne;ne;da;ne;ne;ne;ne;ne;da;ne
03/03/2019;8.2;16.3;2.1;1.4;3.6;43;76;1018;0;0;0;9.3;ne;ne;ne;ne;ne;ne;ne;ne;ne;ne;ne;ne;ne;ne;ne;ne;ne;ne;ne;da;da;ne;da;ne;ne;da;ne;ne;ne;ne;ne;ne;ne
04/03/2019;10.3;15.7;0.8;-1.5;3.7;73;76;1010;0;0;0;5.9;da;ne;da;ne;ne;ne;ne;ne;ne;ne;ne;ne;ne;ne;ne;ne;ne;ne;ne;ne;ne;ne;da;ne;ne;da;ne;ne;ne;ne;ne;ne;ne
05/03/2019;7.5;14.4;4.7;4.1;3.5;27;87;1012;0.4;0;0;5.8;ne;ne;ne;ne;ne;ne;ne;ne;ne;ne;ne;ne;ne;ne;ne;ne;ne;ne;ne;ne;ne;ne;da;ne;ne;da;ne;ne;ne;ne;ne;da;ne
06/03/2019;11.5;17.2;3.2;0.1;3.9;57;64;1017;0;0;0;8.2;ne;ne;ne;ne;ne;ne;ne;ne;ne;ne;ne;ne;ne;ne;ne;ne;ne;ne;ne;ne;ne;ne;ne;ne;ne;da;ne;ne;ne;ne;ne;ne;ne
07/03/2019;14.9;17.4;10.2;9;6.1;93;70;1012;0;0;0;0.7;da;ne;ne;ne;ne;ne;ne;da;ne;ne;ne;ne;ne;ne;ne;ne;ne;ne;ne;ne;ne;ne;ne;ne;ne;ne;ne;ne;ne;ne;ne;ne;ne
08/03/2019;13.2;17.1;9.6;8.3;4.2;40;59;1018;0;0;0;8.9;da;ne;ne;ne;ne;ne;ne;ne;ne;ne;ne;ne;ne;ne;ne;ne;ne;ne;ne;ne;ne;ne;ne;ne;ne;ne;ne;ne;ne;ne;ne;ne;ne
09/03/2019;11.8;16.3;9;6.6;4.3;37;62;1021;0;0;0;9.2;ne;ne;ne;ne;ne;ne;ne;ne;ne;ne;ne;ne;ne;ne;ne;ne;ne;ne;ne;ne;ne;ne;ne;ne;ne;ne;ne;ne;ne;ne;ne;ne;ne
10/03/2019;13.1;16.2;9.2;6;5;73;69;1016;0;0;0;2.5;ne;ne;ne;ne;ne;ne;ne;ne;ne;ne;ne;ne;ne;ne;ne;ne;ne;ne;ne;ne;ne;ne;ne;ne;ne;da;ne;ne;ne;ne;ne;ne;ne
11/03/2019;11;15.7;8.4;8.2;3.7;83;65;1013;0;0;0;3.5;da;da;ne;ne;da;ne;da;ne;ne;ne;ne;ne;ne;ne;ne;ne;ne;ne;ne;ne;ne;ne;ne;ne;ne;ne;ne;ne;ne;ne;ne;ne;ne
12/03/2019;6.9;14;-0.8;-2.6;4.5;17;49;1022;0;0;0;10.6;ne;ne;ne;ne;ne;ne;ne;ne;ne;ne;ne;ne;ne;ne;ne;ne;ne;ne;ne;ne;ne;ne;ne;ne;ne;ne;da;ne;ne;ne;ne;da;ne
13/03/2019;7.4;14;1.6;-3;3.2;90;73;1014;0;0;0;3.3;ne;ne;da;ne;ne;ne;ne;ne;ne;ne;ne;ne;ne;ne;ne;ne;ne;ne;ne;ne;ne;ne;ne;ne;ne;ne;ne;ne;ne;ne;ne;ne;ne
14/03/2019;6.6;12;0.8;-1.4;2.7;43;74;1012;1.7;0;0;6.5;ne;ne;ne;ne;ne;ne;ne;ne;ne;ne;ne;ne;ne;ne;ne;ne;ne;ne;ne;ne;ne;ne;ne;ne;ne;da;ne;ne;ne;ne;ne;da;ne
15/03/2019;7.8;15.3;1.4;-3.2;1.6;30;81;1011;0;0;0;9.1;ne;ne;ne;ne;ne;ne;ne;ne;ne;ne;ne;ne;ne;ne;ne;ne;ne;ne;ne;ne;ne;ne;ne;ne;ne;da;da;ne;ne;ne;ne;ne;ne
16/03/2019;9.6;17.7;3.5;-0.6;3.5;67;80;1014;0;0;0;7.6;ne;ne;ne;ne;ne;ne;ne;ne;ne;ne;ne;ne;ne;ne;ne;ne;ne;ne;ne;ne;ne;ne;ne;ne;ne;da;ne;ne;ne;ne;ne;ne;ne
17/03/2019;14.1;18;6.2;1.3;5.1;27;71;1014;0;0;0;8.8;da;ne;ne;ne;ne;ne;ne;ne;ne;ne;ne;ne;ne;ne;ne;ne;ne;ne;ne;ne;ne;ne;ne;ne;ne;da;ne;ne;ne;ne;ne;ne;ne
18/03/2019;9.2;15.8;6.1;11;6.1;93;71;1014;0;0;0;0.3;da;ne;da;ne;ne;ne;ne;ne;ne;ne;ne;ne;ne;ne;ne;ne;ne;ne;ne;ne;ne;ne;ne;ne;ne;ne;ne;ne;ne;ne;ne;ne;ne
19/03/2019;9.6;12;8.3;5.4;5.8;90;45;1022;2.1;0;0;1.7;da;ne;ne;ne;ne;ne;ne;ne;ne;ne;ne;ne;ne;ne;ne;ne;ne;ne;ne;ne;ne;ne;ne;ne;ne;ne;ne;ne;ne;ne;ne;da;ne
20/03/2019;10.3;13.9;7.7;5.4;4.6;3;35;1030;0;0;0;11.1;da;ne;ne;ne;ne;ne;ne;ne;ne;ne;ne;ne;ne;ne;ne;ne;ne;ne;ne;ne;ne;ne;ne;ne;ne;ne;ne;ne;ne;ne;ne;ne;ne
21/03/2019;10.4;17.8;5;-2.4;2.5;7;42;1030;0;0;0;10.3;ne;ne;ne;ne;ne;ne;ne;ne;ne;ne;ne;ne;ne;ne;ne;ne;ne;ne;ne;ne;ne;ne;ne;ne;ne;ne;ne;ne;ne;ne;ne;ne;ne
22/03/2019;9;18.4;1.9;-1.6;3;37;57;1028;0;0;0;10.9;ne;ne;ne;ne;ne;ne;ne;ne;ne;ne;ne;ne;ne;ne;ne;ne;ne;ne;ne;ne;ne;ne;ne;ne;ne;da;ne;ne;ne;ne;ne;ne;ne
23/03/2019;11.9;21.5;4.1;0.4;3.5;0;48;1024;0;0;0;11.3;ne;ne;ne;ne;ne;ne;ne;ne;ne;ne;ne;ne;ne;ne;ne;ne;ne;ne;ne;ne;ne;ne;ne;ne;ne;da;ne;ne;ne;ne;ne;ne;ne
24/03/2019;11.7;21.3;6.4;3.4;3.9;7;53;1019;0;0;0;11.4;ne;ne;ne;ne;ne;ne;ne;ne;ne;ne;ne;ne;ne;ne;ne;ne;ne;ne;ne;ne;ne;ne;ne;ne;ne;ne;ne;ne;ne;ne;ne;ne;ne
25/03/2019;12.7;20.4;5.2;0.8;5.3;33;53;1011;0;0;0;11;da;da;da;ne;ne;da;ne;ne;ne;ne;ne;ne;ne;ne;ne;ne;ne;ne;ne;ne;ne;ne;ne;ne;ne;ne;ne;ne;ne;ne;ne;ne;ne
26/03/2019;9.8;15;6.8;5.4;4.5;23;42;1021;4;0;0;11.3;da;ne;ne;ne;ne;ne;ne;ne;ne;ne;ne;ne;ne;ne;ne;ne;ne;ne;ne;ne;ne;ne;ne;ne;ne;ne;ne;ne;ne;ne;ne;da;ne
27/03/2019;9.4;15.7;1.5;-0.5;3.2;43;47;1026;0;0;0;4.9;da;ne;ne;ne;ne;ne;ne;ne;ne;ne;ne;ne;ne;ne;ne;ne;ne;ne;ne;ne;ne;ne;ne;ne;ne;ne;ne;ne;ne;ne;ne;ne;ne
28/03/2019;13.1;16.2;9.5;2.4;4.5;3;35;1028;0;0;0;11.5;da;ne;ne;ne;ne;ne;ne;ne;ne;ne;ne;ne;ne;ne;ne;ne;ne;ne;ne;ne;ne;ne;ne;ne;ne;ne;ne;ne;ne;ne;ne;ne;ne
29/03/2019;12.5;19.4;3.7;0.5;4.2;7;53;1029;0;0;0;11.5;da;ne;ne;ne;ne;ne;ne;ne;ne;ne;ne;ne;ne;ne;ne;ne;ne;ne;ne;ne;ne;ne;ne;ne;ne;da;ne;ne;ne;ne;ne;ne;ne
30/03/2019;9.9;18.1;3.2;0.3;3.7;27;59;1023;0;0;0;11.5;ne;ne;ne;ne;ne;ne;ne;ne;ne;ne;ne;ne;ne;ne;ne;ne;ne;ne;ne;ne;ne;ne;ne;ne;ne;da;ne;ne;ne;ne;ne;ne;ne
31/03/2019;11.1;20;3.3;2;3.4;0;59;1016;0;0;0;11.7;ne;ne;ne;ne;ne;ne;ne;ne;ne;ne;ne;ne;ne;ne;ne;ne;ne;ne;ne;ne;ne;ne;ne;ne;ne;ne;ne;ne;ne;ne;ne;ne;ne
01/04/2019;14.4;24.7;4.9;2.8;3.4;3;47;1015;0;0;0;11.8;ne;ne;ne;ne;ne;ne;ne;ne;ne;ne;ne;ne;ne;ne;ne;ne;ne;ne;ne;ne;ne;ne;ne;ne;ne;da;ne;ne;ne;ne;ne;ne;ne
02/04/2019;14.5;21.6;6.8;4.7;2.8;73;52;1013;0;0;0;9;ne;ne;ne;ne;ne;ne;ne;ne;ne;ne;ne;ne;ne;ne;ne;ne;ne;ne;ne;ne;ne;ne;ne;ne;ne;da;ne;ne;ne;ne;ne;ne;ne
03/04/2019;14.8;18.8;9.6;5;5.1;70;64;1009;2.7;0;0;7.1;da;ne;da;ne;ne;ne;ne;ne;ne;ne;ne;ne;ne;ne;ne;ne;ne;ne;ne;ne;ne;ne;ne;ne;ne;ne;ne;ne;ne;ne;ne;da;ne
04/04/2019;16.3;19.9;13.7;9.5;8.8;73;59;1001;0;0;0;6.3;da;da;da;ne;ne;ne;ne;ne;ne;ne;ne;ne;ne;ne;ne;ne;ne;ne;ne;ne;ne;ne;ne;ne;ne;ne;ne;ne;ne;ne;ne;da;ne
05/04/2019;9.9;16.1;8.8;8.3;2.5;97;84;1003;31.2;0;0;0.6;da;ne;da;ne;ne;ne;ne;ne;ne;ne;ne;ne;ne;ne;ne;ne;ne;ne;ne;ne;ne;ne;da;ne;ne;ne;ne;ne;ne;ne;ne;da;ne
06/04/2019;9.4;15.4;5;4.2;1.7;70;87;1007;3.4;0;0;2.7;ne;ne;ne;ne;ne;ne;ne;ne;ne;ne;ne;ne;ne;ne;ne;ne;ne;ne;ne;ne;ne;ne;ne;ne;ne;da;ne;ne;ne;ne;ne;da;ne
07/04/2019;9.8;15.6;5.7;5.2;3;87;80;1006;0;0;0;1;ne;ne;ne;ne;ne;ne;ne;ne;ne;ne;ne;ne;ne;ne;ne;ne;ne;ne;ne;ne;ne;ne;ne;ne;ne;da;ne;ne;ne;ne;ne;ne;ne
08/04/2019;11.1;14.7;8.1;7.3;2.5;90;90;1006;0;0;0;1;ne;ne;da;ne;ne;ne;ne;ne;ne;ne;ne;ne;ne;ne;ne;ne;ne;ne;ne;ne;ne;ne;da;ne;ne;ne;ne;ne;ne;ne;ne;da;ne
09/04/2019;12.9;18.3;9.1;6.2;1.9;77;84;1006;0.3;0;0;2.2;ne;ne;da;ne;ne;ne;ne;ne;ne;ne;ne;ne;ne;ne;ne;ne;ne;ne;ne;ne;ne;ne;ne;ne;ne;ne;ne;ne;ne;ne;ne;da;ne
10/04/2019;11.8;17;8.5;7.6;1.8;77;91;1006;0.4;0;0;1.9;ne;ne;da;ne;da;ne;da;ne;ne;ne;ne;ne;ne;ne;ne;ne;ne;ne;ne;ne;ne;ne;da;ne;ne;da;ne;ne;ne;ne;ne;da;ne
11/04/2019;12.6;15.3;10.8;10.4;1.3;93;76;1010;17.6;0;0;0;ne;ne;da;ne;ne;ne;ne;ne;ne;ne;ne;ne;ne;ne;ne;ne;ne;ne;ne;ne;ne;ne;da;ne;ne;ne;ne;ne;ne;ne;ne;da;ne
12/04/2019;10.1;14.6;7.9;6.4;4;90;69;1013;1.7;0;0;1.4;da;ne;da;ne;ne;ne;ne;ne;ne;ne;ne;ne;ne;ne;ne;ne;ne;ne;ne;ne;ne;ne;ne;ne;ne;ne;ne;ne;ne;ne;ne;da;ne
13/04/2019;10.8;16.4;7.6;7.2;2.4;73;57;1014;18.2;0;0;6.9;ne;ne;da;ne;ne;ne;ne;ne;ne;ne;ne;ne;ne;ne;ne;ne;ne;ne;ne;ne;ne;ne;ne;ne;ne;ne;ne;ne;ne;ne;ne;da;ne
14/04/2019;10.8;16.1;6.3;5.5;1.6;87;61;1013;0;0;0;2.4;da;ne;ne;ne;ne;ne;ne;ne;ne;ne;ne;ne;ne;ne;ne;ne;ne;ne;ne;ne;ne;ne;ne;ne;ne;ne;ne;ne;ne;ne;ne;ne;ne
15/04/2019;12.6;20.2;4.3;2.5;4.7;30;52;1018;0;0;0;9.7;da;ne;ne;ne;ne;ne;ne;ne;ne;ne;ne;ne;ne;ne;ne;ne;ne;ne;ne;ne;ne;ne;ne;ne;ne;da;ne;ne;ne;ne;ne;ne;ne
16/04/2019;10.6;18;4.6;3.3;4.1;7;59;1019;0;0;0;12.7;ne;ne;ne;ne;ne;ne;ne;ne;ne;ne;ne;ne;ne;ne;ne;ne;ne;ne;ne;ne;ne;ne;ne;ne;ne;da;ne;ne;ne;ne;ne;ne;ne
17/04/2019;12.1;19;4.6;3.8;3.9;17;70;1020;0;0;0;11.6;ne;ne;ne;ne;ne;ne;ne;ne;ne;ne;ne;ne;ne;ne;ne;ne;ne;ne;ne;ne;ne;ne;ne;ne;ne;da;ne;ne;ne;ne;ne;ne;ne
18/04/2019;12.5;20.1;5.1;2.5;2.9;33;66;1025;0;0;0;9.5;ne;ne;ne;ne;ne;ne;ne;ne;ne;ne;ne;ne;ne;ne;ne;ne;ne;ne;ne;ne;ne;ne;ne;ne;ne;da;ne;ne;ne;ne;ne;ne;ne
19/04/2019;12.7;20.8;5.8;4.1;4;3;60;1028;0;0;0;13;ne;ne;ne;ne;ne;ne;ne;ne;ne;ne;ne;ne;ne;ne;ne;ne;ne;ne;ne;ne;ne;ne;ne;ne;ne;ne;ne;ne;ne;ne;ne;ne;ne
20/04/2019;14.5;24.1;6.9;5.7;4.3;3;54;1026;0;0;0;13.1;ne;ne;ne;ne;ne;ne;ne;ne;ne;ne;ne;ne;ne;ne;ne;ne;ne;ne;ne;ne;ne;ne;ne;ne;ne;da;ne;ne;ne;ne;ne;ne;ne
21/04/2019;13.5;21.3;8.2;6.1;3.4;47;57;1021;0;0;0;9.4;ne;ne;ne;ne;ne;ne;ne;ne;ne;ne;ne;ne;ne;ne;ne;ne;ne;ne;ne;ne;ne;ne;ne;ne;ne;ne;ne;ne;ne;ne;ne;ne;ne
22/04/2019;14.5;19.1;6.6;5.4;1.7;57;75;1014;0;0;0;8.3;ne;ne;ne;ne;ne;ne;ne;ne;ne;ne;ne;ne;ne;ne;ne;ne;ne;ne;ne;ne;ne;ne;ne;ne;ne;da;ne;ne;ne;ne;ne;ne;ne
23/04/2019;14.9;17.6;12.6;12.2;4.5;100;82;1008;4.5;0;0;0.1;da;ne;da;ne;ne;ne;ne;ne;ne;ne;ne;ne;ne;ne;ne;ne;ne;ne;ne;ne;ne;ne;da;ne;ne;ne;ne;ne;ne;ne;ne;da;ne
24/04/2019;17.2;22.1;14.5;13;3.7;80;74;1015;8.4;0;0;7.4;da;ne;ne;ne;da;ne;ne;ne;ne;ne;ne;ne;ne;ne;ne;ne;ne;ne;ne;ne;ne;ne;ne;ne;ne;ne;ne;ne;ne;ne;ne;da;ne
25/04/2019;17.1;23.1;10.9;9.4;3.4;40;81;1018;0;0;0;10.2;ne;ne;ne;ne;ne;ne;ne;ne;ne;ne;ne;ne;ne;ne;ne;ne;ne;ne;ne;ne;ne;ne;da;ne;ne;da;ne;ne;ne;ne;ne;da;ne
26/04/2019;16.6;22.7;11.2;10.3;3.2;83;79;1014;0;0;0;3.3;da;ne;ne;ne;ne;ne;ne;ne;ne;ne;ne;ne;ne;ne;ne;ne;ne;ne;ne;ne;ne;ne;ne;ne;ne;da;ne;ne;ne;ne;ne;ne;ne
27/04/2019;13.8;19.6;9.8;5.6;3.1;23;74;1015;0;0;0;9.9;ne;ne;ne;ne;ne;ne;ne;ne;ne;ne;ne;ne;ne;ne;ne;ne;ne;ne;ne;ne;ne;ne;ne;ne;ne;da;ne;ne;ne;ne;ne;ne;ne
28/04/2019;12.5;16.7;8;5.9;2.6;93;77;1013;0;0;0;0.8;ne;ne;da;ne;da;da;da;ne;ne;ne;ne;ne;ne;ne;ne;ne;ne;ne;ne;ne;ne;ne;ne;ne;ne;da;ne;ne;ne;ne;ne;ne;ne
29/04/2019;10.4;12.7;8.2;7.6;1.5;100;87;1013;37.3;0;0;0;ne;ne;da;ne;ne;ne;ne;ne;ne;ne;ne;ne;ne;ne;ne;ne;ne;ne;ne;ne;ne;ne;ne;ne;ne;ne;ne;ne;ne;ne;ne;da;ne
30/04/2019;12.7;16.2;8.4;7.8;2.5;93;82;1012;0.2;0;0;2.4;ne;ne;ne;ne;ne;ne;ne;ne;ne;ne;ne;ne;ne;ne;ne;ne;ne;ne;ne;ne;ne;ne;ne;ne;ne;ne;ne;ne;ne;ne;ne;da;ne
01/05/2019;13.5;20;8.3;7.6;3.2;13;70;1013;0;0;0;12.6;ne;ne;ne;ne;ne;ne;ne;ne;ne;ne;ne;ne;ne;ne;ne;ne;ne;ne;ne;ne;ne;ne;ne;ne;ne;da;ne;ne;ne;ne;ne;ne;ne
02/05/2019;16.7;21.7;8.1;7.2;3.6;17;53;1011;0;0;0;12;ne;ne;ne;ne;ne;ne;ne;ne;ne;ne;ne;ne;ne;ne;ne;ne;ne;ne;ne;ne;ne;ne;ne;ne;ne;da;ne;ne;ne;ne;ne;ne;ne
03/05/2019;14.2;16.8;12.7;9.3;3.5;90;81;1009;0;0;0;0.9;da;ne;da;ne;ne;ne;ne;ne;ne;ne;ne;ne;ne;ne;ne;ne;ne;ne;ne;ne;ne;ne;da;ne;ne;da;ne;ne;ne;ne;ne;ne;ne
04/05/2019;13.6;18.2;11.6;11;1.3;87;85;1004;8.5;0;0;1.1;da;da;da;ne;ne;ne;ne;ne;ne;ne;ne;ne;ne;ne;ne;ne;ne;ne;ne;ne;ne;ne;ne;ne;ne;ne;ne;ne;ne;ne;ne;da;ne
05/05/2019;9.8;13.6;8.4;9.4;5.2;93;68;1003;8.9;0;0;0;da;da;da;ne;ne;ne;ne;ne;ne;ne;ne;ne;ne;ne;ne;ne;ne;ne;ne;ne;ne;ne;ne;ne;ne;ne;ne;ne;ne;ne;ne;da;ne
06/05/2019;11.2;15.6;8;6;3.7;90;57;1013;2.4;0;0;2.2;ne;ne;da;ne;ne;ne;ne;ne;ne;ne;ne;ne;ne;ne;ne;ne;ne;ne;ne;ne;ne;ne;ne;ne;ne;ne;ne;ne;ne;ne;ne;da;ne
07/05/2019;9.7;15.7;5.5;5;2.8;57;69;1019;0;0;0;6.3;ne;ne;ne;ne;ne;ne;ne;ne;ne;ne;ne;ne;ne;ne;ne;ne;ne;ne;ne;ne;ne;ne;ne;ne;ne;da;ne;ne;ne;ne;ne;da;ne
08/05/2019;13.2;17.9;5.8;4.9;3.8;87;68;1014;0;0;0;4.5;ne;ne;da;ne;ne;ne;ne;ne;ne;ne;ne;ne;ne;ne;ne;ne;ne;ne;ne;ne;ne;ne;ne;ne;ne;ne;ne;ne;ne;ne;ne;ne;ne
09/05/2019;12.3;16.6;10.8;10.9;2.1;43;87;1006;8.1;0;0;6.3;ne;ne;da;ne;ne;ne;ne;ne;ne;ne;ne;ne;ne;ne;ne;ne;ne;ne;ne;ne;ne;ne;ne;ne;ne;ne;ne;ne;ne;ne;ne;da;ne
10/05/2019;14.2;19.9;7;6.2;3.1;20;80;1012;21.7;0;0;12.4;ne;ne;ne;ne;ne;ne;ne;ne;ne;ne;ne;ne;ne;ne;ne;ne;ne;ne;ne;ne;ne;ne;ne;ne;ne;da;ne;ne;ne;ne;ne;da;ne
11/05/2019;15.9;22.1;9.6;8.5;3.4;77;78;1012;0;0;0;6.2;da;ne;da;ne;da;da;ne;ne;ne;ne;ne;ne;ne;ne;ne;ne;ne;ne;ne;ne;ne;ne;ne;ne;ne;da;ne;ne;ne;ne;ne;ne;ne
12/05/2019;14.3;16.2;12.2;12.2;4.3;97;74;1013;18.5;0;0;0;da;ne;da;ne;ne;ne;ne;ne;ne;ne;ne;ne;ne;ne;ne;ne;ne;ne;ne;ne;ne;ne;ne;ne;ne;ne;ne;ne;ne;ne;ne;da;ne
13/05/2019;14.8;15.9;13;9.9;7.2;90;48;1018;12.3;0;0;0;da;da;da;ne;ne;ne;ne;ne;ne;ne;ne;ne;ne;ne;ne;ne;ne;ne;ne;ne;ne;ne;ne;ne;ne;ne;ne;ne;ne;ne;ne;da;ne
14/05/2019;11.6;15.1;9.9;9.5;6.9;80;47;1018;0.2;0;0;5.1;da;da;ne;ne;ne;ne;ne;ne;ne;ne;ne;ne;ne;ne;ne;ne;ne;ne;ne;ne;ne;ne;ne;ne;ne;ne;ne;ne;ne;ne;ne;da;ne
15/05/2019;12.5;15.9;7.7;5.9;5.2;83;56;1014;0.3;0;0;4.3;da;ne;da;ne;ne;ne;ne;ne;ne;ne;ne;ne;ne;ne;ne;ne;ne;ne;ne;ne;ne;ne;ne;ne;ne;ne;ne;ne;ne;ne;ne;da;ne
16/05/2019;13;18.4;7.5;2.9;1.8;33;65;1012;0;0;0;11.7;ne;ne;ne;ne;ne;ne;ne;ne;ne;ne;ne;ne;ne;ne;ne;ne;ne;ne;ne;ne;ne;ne;ne;ne;ne;ne;ne;ne;ne;ne;ne;ne;ne
17/05/2019;13.1;18.4;6;5;2.8;30;75;1010;0;0;0;13.7;ne;ne;ne;ne;ne;ne;ne;ne;ne;ne;ne;ne;ne;ne;ne;ne;ne;ne;ne;ne;ne;ne;ne;ne;ne;da;ne;ne;ne;ne;ne;ne;ne
18/05/2019;15;18.2;10.3;7.4;1.8;93;79;1007;0;0;0;0.2;ne;ne;da;ne;da;ne;da;ne;ne;ne;ne;ne;ne;ne;ne;ne;ne;ne;ne;ne;ne;ne;ne;ne;ne;da;ne;ne;ne;ne;ne;da;ne
19/05/2019;14.5;17.2;13.1;12.7;1.9;93;89;1005;4.1;0;0;0.3;ne;ne;da;ne;da;ne;ne;ne;ne;ne;ne;ne;ne;ne;ne;ne;ne;ne;ne;ne;ne;ne;da;ne;ne;ne;ne;ne;ne;ne;ne;da;ne
20/05/2019;15.3;18.3;12.1;11.2;3.5;93;78;1006;19.1;0;0;0.2;ne;ne;da;ne;ne;ne;ne;ne;ne;ne;ne;ne;ne;ne;ne;ne;ne;ne;ne;ne;ne;ne;da;ne;ne;ne;ne;ne;ne;ne;ne;da;ne
21/05/2019;15.5;18.1;13.5;12.4;2.6;90;84;1010;12.5;0;0;0;ne;ne;da;ne;ne;ne;ne;ne;ne;ne;ne;ne;ne;ne;ne;ne;ne;ne;ne;ne;ne;ne;ne;ne;ne;ne;ne;ne;ne;ne;ne;da;ne
22/05/2019;16.9;20.8;14.2;12.7;3;53;78;1014;0.4;0;0;6.8;ne;ne;ne;ne;ne;ne;ne;ne;ne;ne;ne;ne;ne;ne;ne;ne;ne;ne;ne;ne;ne;ne;ne;ne;ne;ne;ne;ne;ne;ne;ne;da;ne
23/05/2019;17.7;21.9;13.5;12;2.2;37;77;1015;0;0;0;12.5;da;ne;ne;ne;ne;ne;ne;ne;ne;ne;ne;ne;ne;ne;ne;ne;ne;ne;ne;ne;ne;ne;ne;ne;ne;da;ne;ne;ne;ne;ne;ne;ne
24/05/2019;17.7;23.9;12.5;10.7;2.5;33;75;1013;0.6;0;0;11.7;da;ne;da;ne;ne;ne;ne;ne;ne;ne;ne;ne;ne;ne;ne;ne;ne;ne;ne;ne;ne;ne;ne;ne;ne;ne;ne;ne;ne;ne;ne;da;ne
25/05/2019;18.2;24.1;12;11.9;2.6;47;72;1014;0;0;0;11.4;ne;ne;ne;ne;ne;ne;ne;ne;ne;ne;ne;ne;ne;ne;ne;ne;ne;ne;ne;ne;ne;ne;ne;ne;ne;da;ne;ne;ne;ne;ne;ne;ne
26/05/2019;18;23.9;12.6;12.8;1.4;93;83;1014;0;0;0;5.3;da;ne;da;ne;da;ne;ne;ne;ne;ne;ne;ne;ne;ne;ne;ne;ne;ne;ne;ne;ne;ne;ne;ne;ne;ne;ne;ne;ne;ne;ne;ne;ne
27/05/2019;16;18.2;14.9;14.7;1.1;93;93;1010;9.6;0;0;0;ne;ne;da;ne;ne;ne;ne;ne;ne;ne;ne;ne;ne;ne;ne;ne;ne;ne;ne;ne;ne;ne;ne;ne;ne;ne;ne;ne;ne;ne;ne;da;ne
28/05/2019;17.6;20.8;15.1;14.7;2.2;77;85;1004;37.8;0;0;4.8;ne;ne;da;ne;ne;ne;ne;ne;ne;ne;ne;ne;ne;ne;ne;ne;ne;ne;ne;ne;ne;ne;ne;ne;ne;ne;ne;ne;ne;ne;ne;da;ne
29/05/2019;14.8;18;13.9;13.7;2.2;90;78;1012;23.1;0;0;0;ne;ne;da;ne;ne;ne;ne;ne;ne;ne;ne;ne;ne;ne;ne;ne;ne;ne;ne;ne;ne;ne;ne;ne;ne;ne;ne;ne;ne;ne;ne;da;ne
30/05/2019;16.5;19.9;13.2;11.6;3;93;59;1022;1.3;0;0;1.9;ne;ne;ne;ne;ne;ne;ne;ne;ne;ne;ne;ne;ne;ne;ne;ne;ne;ne;ne;ne;ne;ne;ne;ne;ne;ne;ne;ne;ne;ne;ne;da;ne
31/05/2019;16;22.8;11.7;11.4;2.2;40;75;1023;0;0;0;9;ne;ne;ne;ne;ne;ne;ne;ne;ne;ne;ne;ne;ne;ne;ne;ne;ne;ne;ne;ne;ne;ne;ne;ne;ne;da;ne;ne;ne;ne;ne;ne;ne
01/06/2019;20.5;26.7;11.3;10.7;2.9;33;64;1019;0;0;0;13.3;ne;ne;ne;ne;ne;ne;ne;ne;ne;ne;ne;ne;ne;ne;ne;ne;ne;ne;ne;ne;ne;ne;ne;ne;ne;da;ne;ne;ne;ne;ne;ne;ne
02/06/2019;21.1;26.6;14.5;13.6;2.5;50;70;1017;0;0;0;10.7;ne;ne;da;ne;ne;ne;ne;ne;ne;ne;ne;ne;ne;ne;ne;ne;ne;ne;ne;ne;ne;ne;ne;ne;ne;da;ne;ne;ne;ne;ne;ne;ne
03/06/2019;21.6;28;15.2;14.4;3;10;68;1015;0;0;0;14.3;ne;ne;ne;ne;ne;ne;ne;ne;ne;ne;ne;ne;ne;ne;ne;ne;ne;ne;ne;ne;ne;ne;ne;ne;ne;da;ne;ne;ne;ne;ne;da;ne
04/06/2019;21.9;28.4;15.6;15;2.8;33;71;1012;0;0;0;10.4;ne;ne;ne;ne;ne;ne;ne;ne;ne;ne;ne;ne;ne;ne;ne;ne;ne;ne;ne;ne;ne;ne;ne;ne;ne;da;ne;ne;ne;ne;ne;ne;ne
05/06/2019;21.8;26.1;16.5;15.6;1.8;57;75;1010;0;0;0;7.5;ne;ne;ne;ne;ne;ne;ne;ne;ne;ne;ne;ne;ne;ne;ne;ne;ne;ne;ne;ne;ne;ne;ne;ne;ne;da;ne;ne;ne;ne;ne;ne;ne
06/06/2019;22;26.4;16.2;12.1;3.4;60;69;1013;0;0;0;11;ne;ne;ne;ne;ne;ne;ne;ne;ne;ne;ne;ne;ne;ne;ne;ne;ne;ne;ne;ne;ne;ne;ne;ne;ne;da;ne;ne;ne;ne;ne;ne;ne
07/06/2019;21.4;25.8;16;12.8;2.9;23;68;1018;0;0;0;13.1;ne;ne;ne;ne;ne;ne;ne;ne;ne;ne;ne;ne;ne;ne;ne;ne;ne;ne;ne;ne;ne;ne;ne;ne;ne;da;ne;ne;ne;ne;ne;ne;ne
08/06/2019;22.3;27.4;15.3;13.7;2.2;33;74;1020;0;0;0;13.3;ne;ne;ne;ne;ne;ne;ne;ne;ne;ne;ne;ne;ne;ne;ne;ne;ne;ne;ne;ne;ne;ne;ne;ne;ne;da;ne;ne;ne;ne;ne;ne;ne
09/06/2019;23.4;31.5;16.5;15.5;3.5;57;65;1019;0;0;0;12.2;ne;ne;ne;ne;ne;ne;ne;ne;ne;ne;ne;ne;ne;ne;ne;ne;ne;ne;ne;ne;ne;ne;ne;ne;ne;da;ne;ne;ne;ne;ne;ne;ne
10/06/2019;25.4;33.9;17.1;16.3;2.6;30;63;1012;0;0;0;10.5;ne;ne;ne;ne;ne;ne;ne;ne;ne;ne;ne;ne;ne;ne;ne;ne;ne;ne;ne;ne;ne;ne;ne;ne;ne;ne;ne;ne;ne;ne;ne;ne;ne
11/06/2019;26.3;33;20.7;17.4;1.9;73;64;1009;0;0;0;8.8;ne;ne;da;ne;ne;ne;ne;ne;ne;ne;ne;ne;ne;ne;ne;ne;ne;ne;ne;ne;ne;ne;ne;ne;ne;ne;ne;ne;ne;ne;ne;ne;ne
12/06/2019;26.7;32.2;20.3;17.6;3.8;30;55;1010;0;0;0;12.3;da;ne;ne;ne;ne;ne;ne;ne;ne;ne;ne;ne;ne;ne;ne;ne;ne;ne;ne;ne;ne;ne;ne;ne;ne;ne;ne;ne;ne;ne;ne;da;ne
13/06/2019;22.4;28.9;18.9;15.9;4.5;7;65;1015;0;0;0;12.5;ne;ne;ne;ne;ne;ne;ne;ne;ne;ne;ne;ne;ne;ne;ne;ne;ne;ne;ne;ne;ne;ne;ne;ne;ne;ne;ne;ne;ne;ne;ne;ne;ne
14/06/2019;23.5;30.3;14.8;13.8;3.5;30;61;1017;0;0;0;13.1;ne;ne;ne;ne;ne;ne;ne;ne;ne;ne;ne;ne;ne;ne;ne;ne;ne;ne;ne;ne;ne;ne;ne;ne;ne;ne;ne;ne;ne;ne;ne;ne;ne
15/06/2019;25.1;31.9;19.3;18.2;2.3;57;61;1012;0;0;0;6.2;ne;ne;da;ne;ne;ne;ne;ne;ne;ne;ne;ne;ne;ne;ne;ne;ne;ne;ne;ne;ne;ne;ne;ne;ne;ne;ne;ne;ne;ne;ne;da;ne
16/06/2019;25.5;30.9;18.9;18;2.2;17;65;1012;0;0;0;14.2;ne;ne;ne;ne;ne;ne;ne;ne;ne;ne;ne;ne;ne;ne;ne;ne;ne;ne;ne;ne;ne;ne;ne;ne;ne;da;ne;ne;ne;ne;ne;ne;ne
17/06/2019;25.2;31.5;18.7;16.8;2.5;47;54;1014;0;0;0;8.9;ne;ne;ne;ne;ne;ne;ne;ne;ne;ne;ne;ne;ne;ne;ne;ne;ne;ne;ne;ne;ne;ne;ne;ne;ne;ne;ne;ne;ne;ne;ne;ne;ne
18/06/2019;24.6;29.4;17.7;16.8;2.7;10;64;1014;0;0;0;14.5;ne;ne;ne;ne;ne;ne;da;ne;ne;ne;ne;ne;ne;ne;ne;ne;ne;ne;ne;ne;ne;ne;ne;ne;ne;ne;ne;ne;ne;ne;ne;ne;ne
19/06/2019;24.7;30.4;17.3;16.8;2.5;40;65;1012;0;0;0;10.7;ne;ne;ne;ne;ne;ne;ne;ne;ne;ne;ne;ne;ne;ne;ne;ne;ne;ne;ne;ne;ne;ne;ne;ne;ne;da;ne;ne;ne;ne;ne;ne;ne
20/06/2019;25.3;31.1;19;17.7;2.4;23;63;1012;0;0;0;12.5;ne;ne;ne;ne;ne;ne;da;ne;ne;ne;ne;ne;ne;ne;ne;ne;ne;ne;ne;ne;ne;ne;ne;ne;ne;da;ne;ne;ne;ne;ne;ne;ne
21/06/2019;24.7;31;18.5;16.2;2.5;17;61;1014;0;0;0;14.3;ne;ne;ne;ne;ne;ne;ne;ne;ne;ne;ne;ne;ne;ne;ne;ne;ne;ne;ne;ne;ne;ne;ne;ne;ne;ne;ne;ne;ne;ne;ne;ne;ne
22/06/2019;22.8;29.8;17.7;16.9;2.6;90;71;1013;0;0;0;3.3;da;ne;da;ne;da;da;da;ne;ne;ne;ne;ne;ne;ne;ne;ne;ne;ne;ne;ne;ne;ne;ne;ne;ne;ne;ne;ne;ne;ne;ne;ne;ne
23/06/2019;22.9;27.9;17.6;17.1;2.1;47;73;1014;8.8;0;0;10.9;ne;ne;ne;ne;ne;ne;ne;ne;ne;ne;ne;ne;ne;ne;ne;ne;ne;ne;ne;ne;ne;ne;ne;ne;ne;ne;ne;ne;ne;ne;ne;da;ne
24/06/2019;25;30.8;17.9;17.3;2.6;10;68;1018;0;0;0;14.1;ne;ne;ne;ne;ne;ne;ne;ne;ne;ne;ne;ne;ne;ne;ne;ne;ne;ne;ne;ne;ne;ne;ne;ne;ne;da;ne;ne;ne;ne;ne;ne;ne
25/06/2019;27;33.8;19.8;18;2.6;7;62;1021;0;0;0;14.2;ne;ne;ne;ne;ne;ne;ne;ne;ne;ne;ne;ne;ne;ne;ne;ne;ne;ne;ne;ne;ne;ne;ne;ne;ne;ne;ne;ne;ne;ne;ne;ne;ne
26/06/2019;27.4;35.6;20.5;18.6;2.9;3;68;1021;0;0;0;14.5;ne;ne;ne;ne;ne;ne;ne;ne;ne;ne;ne;ne;ne;ne;ne;ne;ne;ne;ne;ne;ne;ne;ne;ne;ne;ne;ne;ne;ne;ne;ne;ne;ne
27/06/2019;27.9;35;20.8;20.1;2.7;3;67;1016;0;0;0;14.1;ne;ne;ne;ne;ne;ne;ne;ne;ne;ne;ne;ne;ne;ne;ne;ne;ne;ne;ne;ne;ne;ne;ne;ne;ne;ne;ne;ne;ne;ne;ne;ne;ne
28/06/2019;28.4;34.7;21.9;20.9;2.5;7;51;1015;0;0;0;14.3;ne;ne;ne;ne;ne;ne;ne;ne;ne;ne;ne;ne;ne;ne;ne;ne;ne;ne;ne;ne;ne;ne;ne;ne;ne;ne;ne;ne;ne;ne;ne;ne;ne
29/06/2019;25.4;32.8;18.3;15.1;2.8;0;56;1018;0;0;0;14.5;ne;ne;ne;ne;ne;ne;ne;ne;ne;ne;ne;ne;ne;ne;ne;ne;ne;ne;ne;ne;ne;ne;ne;ne;ne;ne;ne;ne;ne;ne;ne;ne;ne
30/06/2019;24.3;31.6;15.8;14.1;3.2;7;56;1019;0;0;0;14.7;ne;ne;ne;ne;ne;ne;ne;ne;ne;ne;ne;ne;ne;ne;ne;ne;ne;ne;ne;ne;ne;ne;ne;ne;ne;da;ne;ne;ne;ne;ne;ne;ne
01/07/2019;24.8;31.5;16.7;15.3;3.1;10;63;1017;0;0;0;14.3;ne;ne;ne;ne;ne;ne;ne;ne;ne;ne;ne;ne;ne;ne;ne;ne;ne;ne;ne;ne;ne;ne;ne;ne;ne;ne;ne;ne;ne;ne;ne;ne;ne
02/07/2019;27;33;19.3;18.3;2.2;20;58;1014;0;0;0;13.1;da;ne;ne;ne;ne;ne;ne;ne;ne;ne;ne;ne;ne;ne;ne;ne;ne;ne;ne;ne;ne;ne;ne;ne;ne;da;ne;ne;ne;ne;ne;ne;ne
03/07/2019;27.4;33.8;18.6;17.9;2.9;20;47;1014;0;0;0;12;da;da;ne;ne;ne;ne;ne;ne;ne;ne;ne;ne;ne;ne;ne;ne;ne;ne;ne;ne;ne;ne;ne;ne;ne;ne;ne;ne;ne;ne;ne;ne;ne
04/07/2019;25.2;32.2;18.7;16.5;2.7;27;62;1016;0;0;0;11.6;ne;ne;ne;ne;ne;ne;ne;ne;ne;ne;ne;ne;ne;ne;ne;ne;ne;ne;ne;ne;ne;ne;ne;ne;ne;ne;ne;ne;ne;ne;ne;ne;ne
05/07/2019;25.1;31.5;17.5;16.6;2.8;3;66;1014;0;0;0;14.2;ne;ne;ne;ne;ne;ne;ne;ne;ne;ne;ne;ne;ne;ne;ne;ne;ne;ne;ne;ne;ne;ne;ne;ne;ne;ne;ne;ne;ne;ne;ne;ne;ne
06/07/2019;27.6;32.8;19.8;19.3;3.6;47;61;1011;0;0;0;8.2;da;da;ne;ne;da;da;ne;da;ne;ne;ne;ne;ne;ne;ne;ne;ne;ne;ne;ne;ne;ne;ne;ne;ne;ne;ne;ne;ne;ne;ne;ne;ne
07/07/2019;24.7;29.9;19.5;17.5;4;63;74;1008;23.4;0;0;5.9;ne;ne;da;ne;da;da;da;ne;ne;ne;ne;ne;ne;ne;ne;ne;ne;ne;ne;ne;ne;ne;ne;ne;ne;ne;ne;ne;ne;ne;ne;da;ne
08/07/2019;25.1;29.7;16.7;15.8;2.6;57;66;1011;1;0;0;13;ne;ne;ne;ne;ne;ne;ne;da;ne;ne;ne;ne;ne;ne;ne;ne;ne;ne;ne;ne;ne;ne;ne;ne;ne;da;ne;ne;ne;ne;ne;da;ne
09/07/2019;22.4;28.6;17.6;16.8;2.1;80;73;1011;29.4;0;0;4.8;ne;ne;da;ne;ne;ne;da;da;ne;ne;ne;ne;ne;ne;ne;ne;ne;ne;ne;ne;ne;ne;ne;ne;ne;ne;ne;ne;ne;ne;ne;da;ne
10/07/2019;22.6;27.9;19.5;18.8;4.5;20;47;1011;0.3;0;0;13.7;da;ne;ne;ne;ne;ne;ne;ne;ne;ne;ne;ne;ne;ne;ne;ne;ne;ne;ne;ne;ne;ne;ne;ne;ne;ne;ne;ne;ne;ne;ne;da;ne
11/07/2019;20.3;25.1;13;12.1;2;83;62;1014;0;0;0;3.5;ne;ne;da;ne;ne;ne;ne;ne;ne;ne;ne;ne;ne;ne;ne;ne;ne;ne;ne;ne;ne;ne;ne;ne;ne;ne;ne;ne;ne;ne;ne;ne;ne
12/07/2019;20.8;26.8;15.6;15.2;2.5;23;76;1012;2.8;0;0;11.5;ne;ne;da;ne;ne;ne;da;ne;ne;ne;ne;ne;ne;ne;ne;ne;ne;ne;ne;ne;ne;ne;ne;ne;ne;ne;ne;ne;ne;ne;ne;da;ne
13/07/2019;18.9;26.7;16.5;17;4.5;67;73;1011;0.9;0;0;6.2;da;ne;ne;ne;da;ne;da;ne;ne;ne;ne;ne;ne;ne;ne;ne;ne;ne;ne;ne;ne;ne;ne;ne;ne;da;ne;ne;ne;ne;ne;da;ne
14/07/2019;21;27.2;12.8;12.7;3.1;13;62;1011;0;0;0;14.5;ne;ne;ne;ne;ne;ne;ne;ne;ne;ne;ne;ne;ne;ne;ne;ne;ne;ne;ne;ne;ne;ne;ne;ne;ne;da;ne;ne;ne;ne;ne;da;ne
15/07/2019;21.8;28.4;16.4;14.7;2.6;60;56;1011;0;0;0;7;ne;ne;ne;ne;ne;ne;ne;ne;ne;ne;ne;ne;ne;ne;ne;ne;ne;ne;ne;ne;ne;ne;ne;ne;ne;da;ne;ne;ne;ne;ne;ne;ne
16/07/2019;22.9;29.3;15.8;12.6;4.2;3;54;1012;0;0;0;14.4;ne;ne;ne;ne;ne;ne;ne;ne;ne;ne;ne;ne;ne;ne;ne;ne;ne;ne;ne;ne;ne;ne;ne;ne;ne;ne;ne;ne;ne;ne;ne;ne;ne
17/07/2019;22.8;29.5;16.2;15.5;3.2;37;58;1012;0;0;0;13.1;ne;ne;ne;ne;ne;ne;ne;ne;ne;ne;ne;ne;ne;ne;ne;ne;ne;ne;ne;ne;ne;ne;ne;ne;ne;ne;ne;ne;ne;ne;ne;ne;ne
18/07/2019;22.9;28.4;17.6;16.7;3.1;63;60;1012;0;0;0;5.2;ne;ne;ne;ne;ne;ne;ne;ne;ne;ne;ne;ne;ne;ne;ne;ne;ne;ne;ne;ne;ne;ne;ne;ne;ne;ne;ne;ne;ne;ne;ne;ne;ne
19/07/2019;23.4;29.8;15.9;15.3;3.1;27;61;1015;0;0;0;13.5;ne;ne;ne;ne;ne;ne;ne;ne;ne;ne;ne;ne;ne;ne;ne;ne;ne;ne;ne;ne;ne;ne;ne;ne;ne;ne;ne;ne;ne;ne;ne;ne;ne
20/07/2019;23.9;30.7;16.2;15.3;2.9;13;58;1018;0;0;0;13.8;ne;ne;ne;ne;ne;ne;ne;ne;ne;ne;ne;ne;ne;ne;ne;ne;ne;ne;ne;ne;ne;ne;ne;ne;ne;ne;ne;ne;ne;ne;ne;ne;ne
21/07/2019;25.1;30.7;18.9;17.9;2;13;74;1019;0;0;0;11.5;ne;ne;ne;ne;ne;ne;ne;ne;ne;ne;ne;ne;ne;ne;ne;ne;ne;ne;ne;ne;ne;ne;ne;ne;ne;ne;ne;ne;ne;ne;ne;ne;ne
22/07/2019;26.4;32.9;19.3;18.5;2.9;50;65;1020;0;0;0;10.9;ne;ne;ne;ne;ne;ne;ne;ne;ne;ne;ne;ne;ne;ne;ne;ne;ne;ne;ne;ne;ne;ne;ne;ne;ne;da;ne;ne;ne;ne;ne;ne;ne
23/07/2019;26.4;33.6;19.6;18.6;3;3;61;1018;0;0;0;14.2;ne;ne;ne;ne;ne;ne;ne;ne;ne;ne;ne;ne;ne;ne;ne;ne;ne;ne;ne;ne;ne;ne;ne;ne;ne;ne;ne;ne;ne;ne;ne;ne;ne
24/07/2019;27.2;33.2;19.8;19.2;2.9;3;61;1016;0;0;0;14;ne;ne;ne;ne;ne;ne;ne;ne;ne;ne;ne;ne;ne;ne;ne;ne;ne;ne;ne;ne;ne;ne;ne;ne;ne;ne;ne;ne;ne;ne;ne;ne;ne
25/07/2019;27.6;34.8;20.8;20.3;2.8;27;59;1015;0;0;0;11.8;ne;ne;ne;ne;ne;ne;ne;ne;ne;ne;ne;ne;ne;ne;ne;ne;ne;ne;ne;ne;ne;ne;ne;ne;ne;ne;ne;ne;ne;ne;ne;ne;ne
26/07/2019;27.7;34.6;22.2;21.6;6.6;40;61;1009;0;0;0;10.7;da;da;ne;ne;da;da;da;da;ne;ne;ne;ne;ne;ne;ne;ne;ne;ne;ne;ne;ne;ne;ne;ne;ne;ne;ne;ne;ne;ne;ne;ne;ne
27/07/2019;23.4;31.4;18.3;19.6;3.9;43;81;1004;8;0;0;8.2;da;da;ne;ne;da;da;da;ne;ne;ne;ne;ne;ne;ne;ne;ne;ne;ne;ne;ne;ne;ne;ne;ne;ne;ne;ne;ne;ne;ne;ne;da;ne
28/07/2019;20.6;24.1;18.8;17.5;1.2;93;89;997;17.1;0;0;0;ne;ne;da;ne;ne;da;ne;ne;ne;ne;ne;ne;ne;ne;ne;ne;ne;ne;ne;ne;ne;ne;ne;ne;ne;ne;ne;ne;ne;ne;ne;da;ne
29/07/2019;23.5;28.8;18.7;18;3.3;23;80;1006;11.7;0;0;10.1;ne;ne;ne;ne;ne;ne;ne;ne;ne;ne;ne;ne;ne;ne;ne;ne;ne;ne;ne;ne;ne;ne;ne;ne;ne;ne;ne;ne;ne;ne;ne;da;ne
30/07/2019;25.5;31;20.8;20.4;2.9;10;73;1010;0;0;0;13.5;ne;ne;ne;ne;ne;ne;ne;da;ne;ne;ne;ne;ne;ne;ne;ne;ne;ne;ne;ne;ne;ne;ne;ne;ne;da;ne;ne;ne;ne;ne;ne;ne
31/07/2019;25.7;31.5;19.6;18.9;2.6;7;73;1011;0;0;0;11.6;ne;ne;ne;ne;ne;ne;ne;ne;ne;ne;ne;ne;ne;ne;ne;ne;ne;ne;ne;ne;ne;ne;ne;ne;ne;da;ne;ne;ne;ne;ne;ne;ne
01/08/2019;25.3;30.5;20.1;19.8;2.3;30;76;1013;0;0;0;13.2;ne;ne;ne;ne;ne;ne;ne;ne;ne;ne;ne;ne;ne;ne;ne;ne;ne;ne;ne;ne;ne;ne;ne;ne;ne;da;ne;ne;ne;ne;ne;ne;ne
02/08/2019;23;30.3;19.6;20.2;3.8;83;73;1009;0;0;0;4.1;da;ne;da;ne;da;da;da;ne;ne;ne;ne;ne;ne;ne;ne;ne;ne;ne;ne;ne;ne;ne;da;ne;ne;ne;ne;ne;ne;ne;ne;ne;ne
03/08/2019;21.6;28;16.6;15.6;2.9;7;73;1012;14.8;0;0;13.7;ne;ne;ne;ne;ne;da;da;ne;ne;ne;ne;ne;ne;ne;ne;ne;ne;ne;ne;ne;ne;ne;ne;ne;ne;da;ne;ne;ne;ne;ne;da;ne
04/08/2019;21.8;28.8;16.7;16;3.1;7;73;1015;3.7;0;0;13.3;ne;ne;da;ne;ne;ne;ne;ne;ne;ne;ne;ne;ne;ne;ne;ne;ne;ne;ne;ne;ne;ne;ne;ne;ne;da;ne;ne;ne;ne;ne;da;ne
05/08/2019;23.4;29.2;16.8;16.3;3;20;68;1015;0;0;0;12.2;ne;ne;ne;ne;ne;ne;ne;ne;ne;ne;ne;ne;ne;ne;ne;ne;ne;ne;ne;ne;ne;ne;ne;ne;ne;da;ne;ne;ne;ne;ne;ne;ne
06/08/2019;24;29.8;18.4;17.7;3;37;77;1014;0;0;0;11.2;ne;ne;ne;ne;ne;ne;ne;ne;ne;ne;ne;ne;ne;ne;ne;ne;ne;ne;ne;ne;ne;ne;ne;ne;ne;da;ne;ne;ne;ne;ne;ne;ne
07/08/2019;25.2;31.3;19.3;18.8;3.4;40;75;1011;2.8;0;0;9.6;ne;ne;da;ne;ne;ne;ne;ne;ne;ne;ne;ne;ne;ne;ne;ne;ne;ne;ne;ne;ne;ne;ne;ne;ne;ne;ne;ne;ne;ne;ne;da;ne
08/08/2019;25.5;29.9;21.8;21;2.5;53;76;1011;0.1;0;0;10.3;ne;ne;da;ne;ne;ne;da;ne;ne;ne;ne;ne;ne;ne;ne;ne;ne;ne;ne;ne;ne;ne;ne;ne;ne;ne;ne;ne;ne;ne;ne;da;ne
09/08/2019;24.6;30.7;19.3;18.6;2.8;10;72;1014;0;0;0;13.2;ne;ne;ne;ne;ne;ne;ne;ne;ne;ne;ne;ne;ne;ne;ne;ne;ne;ne;ne;ne;ne;ne;ne;ne;ne;da;ne;ne;ne;ne;ne;ne;ne
10/08/2019;26;31.9;19.4;18.6;2.8;7;74;1014;0;0;0;12.7;ne;ne;ne;ne;ne;ne;ne;ne;ne;ne;ne;ne;ne;ne;ne;ne;ne;ne;ne;ne;ne;ne;ne;ne;ne;da;ne;ne;ne;ne;ne;ne;ne
11/08/2019;27.1;34.2;21.5;21.1;3.2;3;74;1014;0;0;0;12.6;ne;ne;ne;ne;ne;ne;ne;ne;ne;ne;ne;ne;ne;ne;ne;ne;ne;ne;ne;ne;ne;ne;ne;ne;ne;da;ne;ne;ne;ne;ne;ne;ne
12/08/2019;27.9;33.1;21.7;21.2;2.9;40;71;1012;0;0;0;8.2;ne;ne;ne;ne;da;ne;ne;ne;ne;ne;ne;ne;ne;ne;ne;ne;ne;ne;ne;ne;ne;ne;ne;ne;ne;da;ne;ne;ne;ne;ne;ne;ne
13/08/2019;25.1;33.8;21.4;20.4;4;57;62;1010;0;0;0;9.5;da;ne;da;ne;da;ne;da;da;ne;ne;ne;ne;ne;ne;ne;ne;ne;ne;ne;ne;ne;ne;ne;ne;ne;ne;ne;ne;ne;ne;ne;da;ne
14/08/2019;21.5;27.5;19.2;16.8;4.2;40;57;1013;6.7;0;0;10.4;da;ne;da;ne;ne;da;ne;da;ne;ne;ne;ne;ne;ne;ne;ne;ne;ne;ne;ne;ne;ne;ne;ne;ne;ne;ne;ne;ne;ne;ne;da;ne
15/08/2019;20.4;27.9;14.4;14.2;3.4;17;59;1015;0;0;0;12.4;ne;ne;ne;ne;ne;ne;ne;ne;ne;ne;ne;ne;ne;ne;ne;ne;ne;ne;ne;ne;ne;ne;ne;ne;ne;ne;ne;ne;ne;ne;ne;ne;ne
16/08/2019;23.1;30.6;16.4;15.4;3.3;43;50;1016;0;0;0;7.8;ne;ne;ne;ne;ne;ne;ne;ne;ne;ne;ne;ne;ne;ne;ne;ne;ne;ne;ne;ne;ne;ne;ne;ne;ne;ne;ne;ne;ne;ne;ne;ne;ne
17/08/2019;21.4;28.6;15.3;14.6;3.8;37;64;1016;0;0;0;11.5;ne;ne;ne;ne;ne;ne;ne;ne;ne;ne;ne;ne;ne;ne;ne;ne;ne;ne;ne;ne;ne;ne;ne;ne;ne;da;ne;ne;ne;ne;ne;ne;ne
18/08/2019;22.1;29.1;15.6;14.9;3.8;7;69;1016;0;0;0;13.2;ne;ne;ne;ne;ne;ne;ne;ne;ne;ne;ne;ne;ne;ne;ne;ne;ne;ne;ne;ne;ne;ne;ne;ne;ne;ne;ne;ne;ne;ne;ne;ne;ne
19/08/2019;24.1;31.4;16.9;15.9;3.2;7;72;1016;0;0;0;12.8;ne;ne;ne;ne;ne;ne;ne;ne;ne;ne;ne;ne;ne;ne;ne;ne;ne;ne;ne;ne;ne;ne;ne;ne;ne;da;ne;ne;ne;ne;ne;ne;ne
20/08/2019;25;32.6;18.9;17.9;2.4;7;63;1016;0;0;0;12.9;ne;ne;ne;ne;ne;ne;ne;ne;ne;ne;ne;ne;ne;ne;ne;ne;ne;ne;ne;ne;ne;ne;ne;ne;ne;da;ne;ne;ne;ne;ne;ne;ne
21/08/2019;26.8;33.3;19.3;18.4;3;50;53;1017;0;0;0;8.9;da;ne;ne;ne;ne;ne;ne;ne;ne;ne;ne;ne;ne;ne;ne;ne;ne;ne;ne;ne;ne;ne;ne;ne;ne;ne;ne;ne;ne;ne;ne;ne;ne
22/08/2019;24.6;30.9;20.7;17.7;2.4;87;60;1020;0.1;0;0;3.5;ne;ne;da;ne;da;ne;ne;ne;ne;ne;ne;ne;ne;ne;ne;ne;ne;ne;ne;ne;ne;ne;ne;ne;ne;ne;ne;ne;ne;ne;ne;da;ne
23/08/2019;25.3;29.9;20.5;19.4;2;83;66;1020;0.2;0;0;3.7;ne;ne;da;ne;ne;ne;da;ne;ne;ne;ne;ne;ne;ne;ne;ne;ne;ne;ne;ne;ne;ne;ne;ne;ne;ne;ne;ne;ne;ne;ne;da;ne
24/08/2019;24.5;31.1;20.8;19.9;2.2;70;65;1017;0.1;0;0;6.6;ne;ne;ne;ne;ne;ne;da;ne;ne;ne;ne;ne;ne;ne;ne;ne;ne;ne;ne;ne;ne;ne;ne;ne;ne;ne;ne;ne;ne;ne;ne;da;ne
25/08/2019;25.4;31.5;19.1;18.1;2.2;30;64;1016;0;0;0;11.4;ne;ne;ne;ne;ne;ne;da;ne;ne;ne;ne;ne;ne;ne;ne;ne;ne;ne;ne;ne;ne;ne;ne;ne;ne;ne;ne;ne;ne;ne;ne;ne;ne
26/08/2019;25.4;32;19;18;2.9;7;65;1016;0;0;0;12.4;ne;ne;ne;ne;ne;ne;da;ne;ne;ne;ne;ne;ne;ne;ne;ne;ne;ne;ne;ne;ne;ne;ne;ne;ne;da;ne;ne;ne;ne;ne;ne;ne
27/08/2019;24.9;32.2;19;18.2;3;3;66;1017;0;0;0;12.4;ne;ne;ne;ne;ne;ne;da;ne;ne;ne;ne;ne;ne;ne;ne;ne;ne;ne;ne;ne;ne;ne;ne;ne;ne;ne;ne;ne;ne;ne;ne;ne;ne
28/08/2019;25.3;31.6;19.5;18.8;2.9;67;70;1016;0;0;0;9.1;ne;ne;ne;ne;ne;ne;da;ne;ne;ne;ne;ne;ne;ne;ne;ne;ne;ne;ne;ne;ne;ne;ne;ne;ne;ne;ne;ne;ne;ne;ne;ne;ne
29/08/2019;24.7;31.1;20.8;20.4;3.2;57;73;1016;0;0;0;7.7;ne;ne;ne;ne;ne;ne;ne;ne;ne;ne;ne;ne;ne;ne;ne;ne;ne;ne;ne;ne;ne;ne;ne;ne;ne;ne;ne;ne;ne;ne;ne;ne;ne
30/08/2019;26.5;33;20.9;20;2;63;61;1017;0;0;0;3.4;ne;ne;ne;ne;ne;ne;ne;ne;ne;ne;ne;ne;ne;ne;ne;ne;ne;ne;ne;ne;ne;ne;ne;ne;ne;ne;ne;ne;ne;ne;ne;ne;ne
31/08/2019;25.4;35;20.2;18.4;3.2;7;61;1014;0;0;0;12.1;da;ne;ne;ne;ne;ne;ne;ne;ne;ne;ne;ne;ne;ne;ne;ne;ne;ne;ne;ne;ne;ne;ne;ne;ne;ne;ne;ne;ne;ne;ne;ne;ne
01/09/2019;24.4;31.9;19.2;18.3;2.9;17;71;1011;0;0;0;11.6;ne;ne;ne;ne;ne;ne;da;ne;ne;ne;ne;ne;ne;ne;ne;ne;ne;ne;ne;ne;ne;ne;ne;ne;ne;ne;ne;ne;ne;ne;ne;ne;ne
02/09/2019;25;31;19.5;19;3.3;73;69;1012;0;0;0;5.1;ne;ne;ne;ne;ne;ne;da;ne;ne;ne;ne;ne;ne;ne;ne;ne;ne;ne;ne;ne;ne;ne;ne;ne;ne;ne;ne;ne;ne;ne;ne;ne;ne
03/09/2019;20.6;26.9;17.7;16.4;2.5;20;57;1019;14.4;0;0;11.9;da;ne;da;ne;ne;ne;ne;ne;ne;ne;ne;ne;ne;ne;ne;ne;ne;ne;ne;ne;ne;ne;ne;ne;ne;da;ne;ne;ne;ne;ne;da;ne
04/09/2019;19.8;28.1;11.2;10.2;3.7;0;58;1016;0;0;0;12.3;ne;ne;ne;ne;ne;ne;ne;ne;ne;ne;ne;ne;ne;ne;ne;ne;ne;ne;ne;ne;ne;ne;ne;ne;ne;da;ne;ne;ne;ne;ne;ne;ne
05/09/2019;20.6;27.9;11.3;10.6;3.1;20;62;1012;0;0;0;12.1;ne;ne;ne;ne;ne;ne;ne;ne;ne;ne;ne;ne;ne;ne;ne;ne;ne;ne;ne;ne;ne;ne;ne;ne;ne;da;ne;ne;ne;ne;ne;ne;ne
06/09/2019;18.7;27.2;16.3;16.5;3.4;80;74;1015;0;0;0;5.5;da;ne;da;ne;da;ne;da;da;ne;ne;ne;ne;ne;ne;ne;ne;ne;ne;ne;ne;ne;ne;ne;ne;ne;ne;ne;ne;ne;ne;ne;ne;ne
07/09/2019;18.1;24.1;14.5;13.5;3.3;33;87;1014;7.2;0;0;6.4;ne;ne;ne;ne;da;ne;da;da;ne;ne;ne;ne;ne;ne;ne;ne;ne;ne;ne;ne;ne;ne;ne;ne;ne;ne;ne;ne;ne;ne;ne;da;ne
08/09/2019;19.1;26.2;15.7;14.6;3.9;87;75;1011;10.3;0;0;3.2;da;ne;da;ne;da;da;da;ne;ne;ne;ne;ne;ne;ne;ne;ne;ne;ne;ne;ne;ne;ne;ne;ne;ne;ne;ne;ne;ne;ne;ne;da;ne
09/09/2019;15.6;21.9;12.5;12;2.8;50;82;1013;39.7;0;0;7.4;da;ne;da;ne;da;da;ne;ne;ne;ne;ne;ne;ne;ne;ne;ne;ne;ne;ne;ne;ne;ne;ne;ne;ne;da;ne;ne;ne;ne;ne;da;ne
10/09/2019;17.2;24.7;11.8;10.7;3.7;27;69;1017;1;0;0;11.1;ne;ne;ne;ne;ne;ne;ne;ne;ne;ne;ne;ne;ne;ne;ne;ne;ne;ne;ne;ne;ne;ne;ne;ne;ne;da;ne;ne;ne;ne;ne;da;ne
11/09/2019;19.4;27.2;10.6;9.2;3.4;17;69;1020;0;0;0;10.3;ne;ne;ne;ne;ne;ne;ne;ne;ne;ne;ne;ne;ne;ne;ne;ne;ne;ne;ne;ne;ne;ne;ne;ne;ne;da;ne;ne;ne;ne;ne;ne;ne
12/09/2019;19.7;28.5;13.8;12.4;2.7;3;64;1027;0;0;0;11.5;ne;ne;ne;ne;ne;ne;ne;ne;ne;ne;ne;ne;ne;ne;ne;ne;ne;ne;ne;ne;ne;ne;ne;ne;ne;da;ne;ne;ne;ne;ne;ne;ne
13/09/2019;19.9;27.3;13.5;12.8;3.9;3;71;1028;0;0;0;11.5;ne;ne;ne;ne;ne;ne;ne;ne;ne;ne;ne;ne;ne;ne;ne;ne;ne;ne;ne;ne;ne;ne;ne;ne;ne;da;ne;ne;ne;ne;ne;ne;ne
14/09/2019;21.3;29.3;15.5;14.5;3.1;10;69;1027;0;0;0;10.4;ne;ne;ne;ne;ne;ne;ne;ne;ne;ne;ne;ne;ne;ne;ne;ne;ne;ne;ne;ne;ne;ne;ne;ne;ne;da;ne;ne;ne;ne;ne;ne;ne
15/09/2019;20.2;27.7;14.7;12.4;2.7;10;75;1023;0;0;0;11.5;ne;ne;ne;ne;ne;ne;ne;ne;ne;ne;ne;ne;ne;ne;ne;ne;ne;ne;ne;ne;ne;ne;ne;ne;ne;da;ne;ne;ne;ne;ne;ne;ne
16/09/2019;19.9;27.1;14.7;14;3.2;3;79;1018;0;0;0;11.3;ne;ne;ne;ne;ne;ne;ne;ne;ne;ne;ne;ne;ne;ne;ne;ne;ne;ne;ne;ne;ne;ne;ne;ne;ne;da;ne;ne;ne;ne;ne;ne;ne
17/09/2019;20.6;26.4;16.3;15.4;2.3;73;83;1014;0;0;0;2.1;ne;ne;ne;ne;ne;ne;ne;ne;ne;ne;ne;ne;ne;ne;ne;ne;ne;ne;ne;ne;ne;ne;ne;ne;ne;da;ne;ne;ne;ne;ne;ne;ne
18/09/2019;19.8;25.1;17.2;17.1;2.7;70;67;1016;0;0;0;2.4;ne;ne;ne;ne;ne;ne;ne;ne;ne;ne;ne;ne;ne;ne;ne;ne;ne;ne;ne;ne;ne;ne;ne;ne;ne;da;ne;ne;ne;ne;ne;ne;ne
19/09/2019;16.2;24.1;12.2;13.1;2.6;43;47;1020;0;0;0;9;da;ne;ne;ne;ne;ne;ne;ne;ne;ne;ne;ne;ne;ne;ne;ne;ne;ne;ne;ne;ne;ne;ne;ne;ne;ne;ne;ne;ne;ne;ne;ne;ne
20/09/2019;13.4;21.6;6.3;3.8;2.8;7;58;1025;0;0;0;9.5;ne;ne;ne;ne;ne;ne;ne;ne;ne;ne;ne;ne;ne;ne;ne;ne;ne;ne;ne;ne;ne;ne;ne;ne;ne;da;ne;ne;ne;ne;ne;ne;ne
21/09/2019;13.8;21.8;6.8;3.2;3.9;0;63;1023;0;0;0;11.1;ne;ne;ne;ne;ne;ne;ne;ne;ne;ne;ne;ne;ne;ne;ne;ne;ne;ne;ne;ne;ne;ne;ne;ne;ne;ne;ne;ne;ne;ne;ne;ne;ne
22/09/2019;15.2;20.9;9.6;8.4;2.6;97;83;1018;0;0;0;0.5;ne;ne;da;ne;ne;ne;ne;ne;ne;ne;ne;ne;ne;ne;ne;ne;ne;ne;ne;ne;ne;ne;da;ne;ne;da;ne;ne;ne;ne;ne;ne;ne
23/09/2019;17;17.7;14.6;12.4;2;100;97;1012;4.7;0;0;0;ne;ne;da;da;da;ne;da;ne;ne;ne;ne;ne;ne;ne;ne;ne;ne;ne;ne;ne;ne;ne;da;ne;ne;ne;ne;ne;ne;ne;ne;da;ne
24/09/2019;17.2;23.5;14.9;14.7;2.7;60;78;1012;27.3;0;0;6.6;ne;ne;ne;ne;ne;ne;ne;ne;ne;ne;ne;ne;ne;ne;ne;ne;ne;ne;ne;ne;ne;ne;ne;ne;ne;da;ne;ne;ne;ne;ne;da;ne
25/09/2019;17;21.1;13.4;12.4;3.2;90;89;1010;0;0;0;0.4;ne;ne;da;ne;da;ne;da;da;ne;ne;ne;ne;ne;ne;ne;ne;ne;ne;ne;ne;ne;ne;ne;ne;ne;da;ne;ne;ne;ne;ne;ne;ne
26/09/2019;16.1;23.3;11.7;10.9;3.3;23;80;1015;17;0;0;10.9;ne;ne;ne;ne;ne;ne;ne;ne;ne;ne;ne;ne;ne;ne;ne;ne;ne;ne;ne;ne;ne;ne;ne;ne;ne;da;ne;ne;ne;ne;ne;da;ne
27/09/2019;16.9;22.8;11.9;11;2.6;30;81;1017;0;0;0;6.5;ne;ne;ne;ne;ne;ne;ne;ne;ne;ne;ne;ne;ne;ne;ne;ne;ne;ne;ne;ne;ne;ne;ne;ne;ne;da;ne;ne;ne;ne;ne;ne;ne
28/09/2019;21.1;25.3;15.6;14.9;3.1;60;79;1016;0;0;0;6.7;ne;ne;da;ne;ne;ne;ne;ne;ne;ne;ne;ne;ne;ne;ne;ne;ne;ne;ne;ne;ne;ne;ne;ne;ne;da;ne;ne;ne;ne;ne;da;ne
29/09/2019;19.5;24.9;17.4;15.2;3.3;10;79;1014;0;0;0;10.3;ne;ne;ne;ne;ne;ne;ne;ne;ne;ne;ne;ne;ne;ne;ne;ne;ne;ne;ne;ne;ne;ne;ne;ne;ne;da;ne;ne;ne;ne;ne;ne;ne
30/09/2019;20.6;25.6;17.9;14.1;2.9;67;75;1011;0;0;0;5.6;ne;ne;ne;ne;ne;ne;ne;ne;ne;ne;ne;ne;ne;ne;ne;ne;ne;ne;ne;ne;ne;ne;ne;ne;ne;ne;ne;ne;ne;ne;ne;ne;ne
01/10/2019;20;25.8;16.6;12.5;2.7;47;80;1011;0;0;0;8;ne;ne;ne;ne;ne;ne;ne;ne;ne;ne;ne;ne;ne;ne;ne;ne;ne;ne;ne;ne;ne;ne;ne;ne;ne;da;ne;ne;ne;ne;ne;ne;ne
02/10/2019;17.3;24.3;14.9;13.8;1.5;80;90;1004;0;0;0;1.5;da;ne;da;ne;da;ne;da;da;ne;ne;ne;ne;ne;ne;ne;ne;ne;ne;ne;ne;ne;ne;ne;ne;ne;da;ne;ne;ne;ne;ne;ne;ne
03/10/2019;14.6;18.1;12.6;10.8;3.2;63;55;1012;11.5;0;0;3.1;da;ne;da;ne;ne;ne;ne;ne;ne;ne;ne;ne;ne;ne;ne;ne;ne;ne;ne;ne;ne;ne;ne;ne;ne;ne;ne;ne;ne;ne;ne;da;ne
04/10/2019;12;18.6;5.9;3.2;3.1;43;71;1013;0;0;0;8.7;ne;ne;ne;ne;ne;ne;ne;ne;ne;ne;ne;ne;ne;ne;ne;ne;ne;ne;ne;ne;ne;ne;ne;ne;ne;da;ne;ne;ne;ne;ne;ne;ne
05/10/2019;14.9;20.9;11;11;3.1;77;76;1010;0;0;0;5.1;ne;ne;ne;ne;ne;ne;ne;ne;ne;ne;ne;ne;ne;ne;ne;ne;ne;ne;ne;ne;ne;ne;ne;ne;ne;da;ne;ne;ne;ne;ne;ne;ne
06/10/2019;14.1;21;8.3;5.5;1.5;67;58;1014;0;0;0;4.7;ne;ne;ne;ne;ne;ne;ne;ne;ne;ne;ne;ne;ne;ne;ne;ne;ne;ne;ne;ne;ne;ne;ne;ne;ne;da;ne;ne;ne;ne;ne;ne;ne
07/10/2019;15.5;20;12.4;11.2;3.2;40;50;1013;0;0;0;9.6;da;ne;ne;ne;ne;ne;ne;ne;ne;ne;ne;ne;ne;ne;ne;ne;ne;ne;ne;ne;ne;ne;ne;ne;ne;ne;ne;ne;ne;ne;ne;ne;ne
08/10/2019;11.7;18.9;6.2;5;3.7;17;71;1019;0;0;0;9;ne;ne;ne;ne;ne;ne;ne;ne;ne;ne;ne;ne;ne;ne;ne;ne;ne;ne;ne;ne;ne;ne;ne;ne;ne;da;ne;ne;ne;ne;ne;ne;ne
09/10/2019;18.1;21.9;9.2;8.4;4.2;53;71;1016;0;0;0;8.3;da;ne;da;ne;ne;ne;ne;ne;ne;ne;ne;ne;ne;ne;ne;ne;ne;ne;ne;ne;ne;ne;ne;ne;ne;ne;ne;ne;ne;ne;ne;ne;ne
10/10/2019;15.5;19.9;13;15.2;1.9;50;86;1016;0;0;0;3.8;ne;ne;da;ne;ne;ne;ne;ne;ne;ne;ne;ne;ne;ne;ne;ne;ne;ne;ne;ne;ne;ne;ne;ne;ne;da;ne;ne;ne;ne;ne;da;ne
11/10/2019;14.5;21.2;10;9.7;3.4;7;82;1023;0;0;0;9.3;ne;ne;ne;ne;ne;ne;ne;ne;ne;ne;ne;ne;ne;ne;ne;ne;ne;ne;ne;ne;ne;ne;ne;ne;ne;da;ne;ne;ne;ne;ne;da;ne
12/10/2019;15.8;22;11;10;3.4;60;88;1023;0;0;0;6;ne;ne;ne;ne;ne;ne;ne;ne;ne;ne;ne;ne;ne;ne;ne;ne;ne;ne;ne;ne;ne;ne;ne;ne;ne;da;ne;ne;ne;ne;ne;ne;ne
13/10/2019;15.3;20.7;13;12.6;2.7;63;86;1023;0;0;0;6.3;ne;ne;ne;ne;ne;ne;ne;ne;ne;ne;ne;ne;ne;ne;ne;ne;ne;ne;ne;ne;ne;ne;da;ne;ne;da;ne;ne;ne;ne;ne;ne;ne
14/10/2019;15.3;20.4;12.4;11.7;2.8;70;90;1021;0;0;0;0.5;ne;ne;ne;ne;ne;ne;ne;ne;ne;ne;ne;ne;ne;ne;ne;ne;ne;ne;ne;ne;ne;ne;da;ne;ne;da;ne;ne;ne;ne;ne;ne;ne
15/10/2019;18.9;23.3;12.1;11.3;4.2;73;78;1014;0;0;0;2.9;ne;ne;ne;ne;ne;ne;ne;ne;ne;ne;ne;ne;ne;ne;ne;ne;ne;ne;ne;ne;ne;ne;da;ne;ne;da;ne;ne;ne;ne;ne;ne;ne
16/10/2019;15.1;21.9;12.5;12.2;2.7;10;81;1016;18.5;0;0;8.7;ne;ne;da;ne;ne;ne;ne;ne;ne;ne;ne;ne;ne;ne;ne;ne;ne;ne;ne;ne;ne;ne;ne;ne;ne;da;ne;ne;ne;ne;ne;da;ne
17/10/2019;14.4;21;10.5;9.4;3.4;47;85;1019;0;0;0;7.8;ne;ne;ne;ne;ne;ne;ne;ne;ne;ne;ne;ne;ne;ne;ne;ne;ne;ne;ne;ne;ne;ne;da;ne;ne;da;ne;ne;ne;ne;ne;ne;ne
18/10/2019;16.1;21.1;12.4;11.4;2.6;63;82;1017;0;0;0;3.9;ne;ne;da;ne;ne;ne;ne;ne;ne;ne;ne;ne;ne;ne;ne;ne;ne;ne;ne;ne;ne;ne;ne;ne;ne;da;ne;ne;ne;ne;ne;ne;ne
19/10/2019;18;22.7;12.7;11.5;3.5;37;81;1016;0;0;0;7.5;ne;ne;ne;ne;ne;ne;ne;ne;ne;ne;ne;ne;ne;ne;ne;ne;ne;ne;ne;ne;ne;ne;ne;ne;ne;da;ne;ne;ne;ne;ne;da;ne
20/10/2019;17.4;23.7;14.7;13.5;2;50;85;1019;0;0;0;4.9;ne;ne;ne;ne;ne;ne;ne;ne;ne;ne;ne;ne;ne;ne;ne;ne;ne;ne;ne;ne;ne;ne;ne;ne;ne;da;ne;ne;ne;ne;ne;ne;ne
21/10/2019;17.6;23.8;14.5;12;1.9;33;88;1022;0;0;0;5.6;ne;ne;ne;ne;ne;ne;ne;ne;ne;ne;ne;ne;ne;ne;ne;ne;ne;ne;ne;ne;ne;ne;ne;ne;ne;da;ne;ne;ne;ne;ne;ne;ne
22/10/2019;16.5;22.3;13.4;12.5;2.8;20;89;1022;0;0;0;9.2;ne;ne;ne;ne;ne;ne;ne;ne;ne;ne;ne;ne;ne;ne;ne;ne;ne;ne;ne;ne;ne;ne;ne;ne;ne;da;ne;ne;ne;ne;ne;ne;ne
23/10/2019;16.3;24;12;11.2;2;43;87;1019;0;0;0;8.4;ne;ne;ne;ne;ne;ne;ne;ne;ne;ne;ne;ne;ne;ne;ne;ne;ne;ne;ne;ne;ne;ne;ne;ne;ne;da;ne;ne;ne;ne;ne;ne;ne
24/10/2019;15.1;21.7;12.4;11.7;3.3;57;91;1016;0;0;0;6;ne;ne;ne;ne;ne;ne;ne;ne;ne;ne;ne;ne;ne;ne;ne;ne;ne;ne;ne;ne;ne;ne;da;ne;ne;da;ne;ne;ne;ne;ne;ne;ne
25/10/2019;14.2;21.5;10.4;8.5;3.2;17;81;1019;0;0;0;9.4;ne;ne;ne;ne;ne;ne;ne;ne;ne;ne;ne;ne;ne;ne;ne;ne;ne;ne;ne;ne;ne;ne;ne;ne;ne;da;ne;ne;ne;ne;ne;ne;ne
26/10/2019;14.1;22.5;9.2;7.5;3.2;0;77;1022;0;0;0;9.6;ne;ne;ne;ne;ne;ne;ne;ne;ne;ne;ne;ne;ne;ne;ne;ne;ne;ne;ne;ne;ne;ne;da;ne;ne;da;ne;ne;ne;ne;ne;ne;ne
27/10/2019;14.3;22.8;9.4;8.9;3.2;3;82;1020;0;0;0;9.6;ne;ne;ne;ne;ne;ne;ne;ne;ne;ne;ne;ne;ne;ne;ne;ne;ne;ne;ne;ne;ne;ne;ne;ne;ne;da;ne;ne;ne;ne;ne;ne;ne
28/10/2019;14.2;19.6;9.8;8.9;2.6;73;89;1016;0;0;0;1.8;ne;ne;ne;ne;ne;ne;ne;ne;ne;ne;ne;ne;ne;ne;ne;ne;ne;ne;ne;ne;ne;ne;da;ne;ne;da;ne;ne;ne;ne;ne;ne;ne
29/10/2019;14.4;18.1;13.2;12.1;2.5;100;93;1016;0;0;0;0;ne;ne;da;ne;ne;ne;ne;ne;ne;ne;ne;ne;ne;ne;ne;ne;ne;ne;ne;ne;ne;ne;da;ne;ne;da;ne;ne;ne;ne;ne;ne;ne
30/10/2019;12.2;13.9;11.5;10.6;3;90;64;1020;8.8;0;0;0.2;ne;ne;ne;ne;ne;ne;ne;ne;ne;ne;ne;ne;ne;ne;ne;ne;ne;ne;ne;ne;ne;ne;ne;ne;ne;ne;ne;ne;ne;ne;ne;da;ne
31/10/2019;10.3;13.8;8.7;9.8;2.9;60;66;1020;0;0;0;0.1;ne;ne;ne;ne;ne;ne;ne;ne;ne;ne;ne;ne;ne;ne;ne;ne;ne;ne;ne;ne;ne;ne;ne;ne;ne;ne;ne;ne;ne;ne;ne;ne;ne
01/11/2019;10.6;15.9;3.8;0.1;2;57;77;1017;0;0;0;7.1;ne;ne;ne;ne;ne;ne;ne;ne;ne;ne;ne;ne;ne;ne;ne;ne;ne;ne;ne;ne;ne;ne;ne;ne;ne;da;ne;ne;ne;ne;ne;ne;ne
02/11/2019;13.2;14.2;11.4;11;0.5;100;96;1007;0.6;0;0;0;ne;ne;da;da;ne;ne;ne;ne;ne;ne;ne;ne;ne;ne;ne;ne;ne;ne;ne;ne;ne;ne;da;ne;ne;ne;ne;ne;ne;ne;ne;da;ne
03/11/2019;17.8;22.1;13.5;13.2;5.5;83;82;995;16.4;0;0;2;da;da;da;ne;ne;da;ne;ne;ne;ne;ne;ne;ne;ne;ne;ne;ne;ne;ne;ne;ne;ne;ne;ne;ne;ne;ne;ne;ne;ne;ne;da;ne
04/11/2019;16.3;17.7;13.1;13.5;2.8;57;79;999;20.6;0;0;5.9;ne;ne;da;ne;ne;ne;ne;ne;ne;ne;ne;ne;ne;ne;ne;ne;ne;ne;ne;ne;ne;ne;ne;ne;ne;ne;ne;ne;ne;ne;ne;da;ne
05/11/2019;15.9;19.9;14.5;10.4;4;87;87;997;3.4;0;0;0;da;ne;da;ne;ne;ne;da;da;ne;ne;ne;ne;ne;ne;ne;ne;ne;ne;ne;ne;ne;ne;ne;ne;ne;ne;ne;ne;ne;ne;ne;da;ne
06/11/2019;11.5;17.5;9.6;9.3;2.5;87;89;1004;8.6;0;0;1.1;da;ne;da;ne;da;da;da;da;ne;ne;ne;ne;ne;ne;ne;ne;ne;ne;ne;ne;ne;ne;ne;ne;ne;ne;ne;ne;ne;ne;ne;da;ne
07/11/2019;9.8;15.7;8;7.8;2.5;57;89;1008;19.8;0;0;4.6;ne;ne;da;ne;ne;ne;ne;ne;ne;ne;ne;ne;ne;ne;ne;ne;ne;ne;ne;ne;ne;ne;ne;ne;ne;da;ne;ne;ne;ne;ne;da;ne
08/11/2019;12;16.5;7.3;6.1;3.6;93;78;1004;1.3;0;0;0.3;da;ne;da;ne;da;da;da;ne;ne;ne;ne;ne;ne;ne;ne;ne;ne;ne;ne;ne;ne;ne;ne;ne;ne;ne;ne;ne;ne;ne;ne;da;ne
09/11/2019;9.9;14.6;6.9;8.8;2.7;33;80;1008;64.7;0;0;5.9;ne;ne;ne;ne;da;ne;ne;ne;ne;ne;ne;ne;ne;ne;ne;ne;ne;ne;ne;ne;ne;ne;ne;ne;ne;da;ne;ne;ne;ne;ne;da;ne
10/11/2019;9.1;16.6;4.2;3.4;3.3;27;81;1010;0.3;0;0;6.8;ne;ne;ne;ne;ne;ne;ne;ne;ne;ne;ne;ne;ne;ne;ne;ne;ne;ne;ne;ne;ne;ne;ne;ne;ne;da;ne;ne;ne;ne;ne;da;ne
11/11/2019;9.9;12;6.2;5;1.8;90;94;1012;0;0;0;0;ne;ne;da;ne;ne;ne;ne;ne;ne;ne;ne;ne;ne;ne;ne;ne;ne;ne;ne;ne;ne;ne;da;ne;ne;da;ne;ne;ne;ne;ne;ne;ne
12/11/2019;13.4;16.4;10.1;8.8;6.4;90;86;999;17.1;0;0;0;da;ne;da;ne;ne;ne;ne;ne;ne;ne;ne;ne;ne;ne;ne;ne;ne;ne;ne;ne;ne;ne;da;ne;ne;ne;ne;ne;ne;ne;ne;da;ne
13/11/2019;10.2;15.1;8;10.6;2.6;77;91;999;40.4;0;0;0;ne;ne;da;ne;ne;da;ne;ne;ne;ne;ne;ne;ne;ne;ne;ne;ne;ne;ne;ne;ne;ne;ne;ne;ne;ne;ne;ne;ne;ne;ne;da;ne
14/11/2019;10;15;6.1;4;1.9;63;83;1008;3.3;0;0;3;ne;ne;ne;ne;ne;ne;ne;ne;ne;ne;ne;ne;ne;ne;ne;ne;ne;ne;ne;ne;ne;ne;ne;ne;ne;da;ne;ne;ne;ne;ne;da;ne
15/11/2019;16;18;8.6;7.5;6.6;97;80;1004;0;0;0;0;da;da;da;ne;ne;da;ne;ne;ne;ne;ne;ne;ne;ne;ne;ne;ne;ne;ne;ne;ne;ne;ne;ne;ne;ne;ne;ne;ne;ne;ne;da;ne
16/11/2019;12.8;16.1;11.6;10.1;1.9;93;82;1012;25.9;0;0;0;ne;ne;da;ne;ne;ne;ne;ne;ne;ne;ne;ne;ne;ne;ne;ne;ne;ne;ne;ne;ne;ne;ne;ne;ne;ne;ne;ne;ne;ne;ne;da;ne
17/11/2019;14.7;19.4;10.7;9;5;87;82;1004;1.7;0;0;0.3;da;ne;da;ne;da;da;da;ne;ne;ne;ne;ne;ne;ne;ne;ne;ne;ne;ne;ne;ne;ne;ne;ne;ne;ne;ne;ne;ne;ne;ne;da;ne
18/11/2019;11.7;15.6;7.5;5.9;1.4;63;82;1014;25.4;0;0;5.6;ne;ne;da;ne;ne;ne;ne;ne;ne;ne;ne;ne;ne;ne;ne;ne;ne;ne;ne;ne;ne;ne;da;ne;ne;ne;ne;ne;ne;ne;ne;da;ne
19/11/2019;14.8;19.3;12.1;9.8;3.3;90;80;1015;8.3;0;0;2;da;ne;da;ne;ne;ne;da;ne;ne;ne;ne;ne;ne;ne;ne;ne;ne;ne;ne;ne;ne;ne;ne;ne;ne;ne;ne;ne;ne;ne;ne;da;ne
20/11/2019;11.4;14.2;9.5;7.6;1.7;93;79;1011;7.7;0;0;0;ne;ne;da;ne;ne;ne;ne;ne;ne;ne;ne;ne;ne;ne;ne;ne;ne;ne;ne;ne;ne;ne;ne;ne;ne;ne;ne;ne;ne;ne;ne;da;ne
21/11/2019;11.5;14.3;9.9;9.1;1.9;90;91;1012;0.8;0;0;0.1;ne;ne;da;ne;da;ne;ne;ne;ne;ne;ne;ne;ne;ne;ne;ne;ne;ne;ne;ne;ne;ne;da;ne;ne;ne;ne;ne;ne;ne;ne;da;ne
22/11/2019;10.9;15.1;7;5.8;2.2;73;90;1013;1;0;0;3.4;ne;ne;da;ne;ne;ne;ne;ne;ne;ne;ne;ne;ne;ne;ne;ne;ne;ne;ne;ne;ne;ne;ne;ne;ne;da;ne;ne;ne;ne;ne;da;ne
23/11/2019;15.8;18.3;10.1;9.1;4.4;70;75;1009;3.7;0;0;2.1;da;ne;ne;ne;ne;ne;ne;ne;ne;ne;ne;ne;ne;ne;ne;ne;ne;ne;ne;ne;ne;ne;ne;ne;ne;ne;ne;ne;ne;ne;ne;da;ne
24/11/2019;15.7;18.2;14.4;14.6;2.9;90;70;1008;0;0;0;0;ne;ne;da;ne;da;ne;ne;ne;ne;ne;ne;ne;ne;ne;ne;ne;ne;ne;ne;ne;ne;ne;ne;ne;ne;ne;ne;ne;ne;ne;ne;ne;ne
25/11/2019;12;21;8.9;8.6;2.5;10;67;1007;0;0;0;7.8;ne;ne;ne;ne;ne;ne;ne;ne;ne;ne;ne;ne;ne;ne;ne;ne;ne;ne;ne;ne;ne;ne;ne;ne;ne;da;ne;ne;ne;ne;ne;da;ne
26/11/2019;11.4;16.8;5;3.7;3.4;53;79;1009;0;0;0;6.2;ne;ne;ne;ne;ne;ne;ne;ne;ne;ne;ne;ne;ne;ne;ne;ne;ne;ne;ne;ne;ne;ne;ne;ne;ne;da;ne;ne;ne;ne;ne;ne;ne
27/11/2019;14.6;15.6;11.7;9.8;3.3;93;83;1005;0;0;0;0;ne;ne;da;ne;ne;ne;ne;ne;ne;ne;ne;ne;ne;ne;ne;ne;ne;ne;ne;ne;ne;ne;ne;ne;ne;da;ne;ne;ne;ne;ne;da;ne
28/11/2019;12.5;16.3;11.4;12.3;1.7;87;88;1004;5.2;0;0;0.7;ne;ne;da;ne;ne;ne;ne;ne;ne;ne;ne;ne;ne;ne;ne;ne;ne;ne;ne;ne;ne;ne;ne;ne;ne;ne;ne;ne;ne;ne;ne;da;ne
29/11/2019;10.8;14.3;9.2;8.3;1.9;90;89;1009;0;0;0;1.1;ne;ne;ne;ne;ne;ne;ne;ne;ne;ne;ne;ne;ne;ne;ne;ne;ne;ne;ne;ne;ne;ne;da;ne;ne;da;ne;ne;ne;ne;ne;ne;ne
30/11/2019;8.1;13.6;5.2;2.3;2.3;47;84;1018;0;0;0;5.1;ne;ne;ne;ne;ne;ne;ne;ne;ne;ne;ne;ne;ne;ne;ne;ne;ne;ne;ne;ne;da;ne;da;ne;ne;da;ne;ne;ne;ne;ne;ne;ne
01/12/2019;10;12.3;2.8;0.4;2.5;90;74;1019;0;0;0;0;ne;ne;da;ne;ne;ne;ne;ne;ne;ne;ne;ne;ne;ne;ne;ne;ne;ne;ne;ne;ne;ne;ne;ne;ne;da;ne;ne;ne;ne;ne;ne;ne
02/12/2019;11.5;14.2;9.4;7.8;2.5;100;82;1015;16.8;0;0;0;ne;ne;da;ne;ne;ne;ne;ne;ne;ne;ne;ne;ne;ne;ne;ne;ne;ne;ne;ne;ne;ne;da;ne;ne;ne;ne;ne;ne;ne;ne;da;ne
03/12/2019;4.3;10.9;0.2;2.1;2.5;3;54;1024;11.4;0;0;7.6;ne;ne;ne;ne;ne;ne;ne;ne;ne;ne;ne;ne;ne;ne;ne;ne;ne;ne;ne;ne;ne;ne;ne;ne;ne;da;ne;ne;ne;ne;ne;da;ne
04/12/2019;3.7;12.1;-1.5;-2.2;3.1;0;62;1024;0;0;0;8;ne;ne;ne;ne;ne;ne;ne;ne;ne;ne;ne;ne;ne;ne;ne;ne;ne;ne;ne;ne;ne;ne;ne;ne;ne;ne;da;ne;ne;ne;ne;ne;ne
05/12/2019;6.9;13.6;0.2;-1.7;2.5;47;70;1025;0;0;0;6.5;ne;ne;ne;ne;ne;ne;ne;ne;ne;ne;ne;ne;ne;ne;ne;ne;ne;ne;ne;ne;ne;ne;ne;ne;ne;da;da;ne;ne;ne;ne;ne;ne
06/12/2019;8.7;10.5;6.5;5.4;1.5;90;82;1023;0;0;0;0;ne;ne;da;ne;ne;ne;ne;ne;ne;ne;ne;ne;ne;ne;ne;ne;ne;ne;ne;ne;ne;ne;ne;ne;ne;da;ne;ne;ne;ne;ne;ne;ne
07/12/2019;7.6;11.6;5.1;6.6;1.5;87;88;1019;0.1;0;0;0.6;ne;ne;ne;ne;ne;ne;ne;ne;ne;ne;ne;ne;ne;ne;ne;ne;ne;ne;ne;ne;ne;ne;da;ne;ne;da;ne;ne;ne;ne;ne;da;ne
08/12/2019;8.5;11.8;4.6;2.4;2.1;87;87;1019;0;0;0;1.8;ne;ne;ne;ne;ne;ne;ne;ne;ne;ne;ne;ne;ne;ne;ne;ne;ne;ne;ne;ne;ne;ne;da;ne;ne;da;ne;ne;ne;ne;ne;ne;ne
09/12/2019;9.2;11.3;8.1;7.6;2.1;100;96;1008;0;0;0;0;ne;ne;da;da;ne;ne;ne;ne;ne;ne;ne;ne;ne;ne;ne;ne;ne;ne;ne;ne;ne;ne;da;ne;ne;ne;ne;ne;ne;ne;ne;da;ne
10/12/2019;9.3;14.2;2.7;1.6;3.3;7;49;1018;10.7;0;0;7.9;da;ne;ne;ne;ne;ne;ne;ne;ne;ne;ne;ne;ne;ne;ne;ne;ne;ne;ne;ne;ne;ne;ne;ne;ne;ne;ne;ne;ne;ne;ne;da;ne
11/12/2019;2.7;10.6;-1.4;-3.6;2.4;10;54;1014;0;0;0;7.7;da;ne;ne;ne;ne;ne;ne;ne;ne;ne;ne;ne;ne;ne;ne;ne;ne;ne;ne;ne;ne;ne;ne;ne;ne;ne;da;ne;ne;ne;ne;ne;ne
12/12/2019;4.3;7.4;-0.8;-2.5;2.4;70;81;1003;0;0;0;0.6;ne;ne;da;ne;ne;ne;ne;ne;ne;ne;ne;ne;ne;ne;ne;ne;ne;ne;ne;ne;ne;ne;ne;ne;ne;ne;da;ne;ne;ne;ne;ne;ne
13/12/2019;6.7;9.9;3.5;1.1;5.8;100;84;989;4;0;0;0;da;ne;da;ne;ne;ne;ne;ne;ne;ne;ne;ne;ne;ne;ne;ne;ne;ne;ne;ne;ne;ne;da;ne;ne;ne;ne;ne;ne;ne;ne;da;ne
14/12/2019;5.5;12.5;2.3;-1.6;3.3;7;80;1003;32.9;0;0;7.9;ne;ne;ne;ne;ne;ne;ne;ne;ne;ne;ne;ne;ne;ne;ne;ne;ne;ne;ne;ne;ne;ne;ne;ne;ne;ne;ne;ne;ne;ne;ne;da;ne
15/12/2019;10.7;16;3.9;1.4;0.5;73;89;1015;0;0;0;2.6;ne;ne;ne;ne;ne;ne;ne;ne;ne;ne;ne;ne;ne;ne;ne;ne;ne;ne;ne;ne;ne;ne;ne;ne;ne;da;ne;ne;ne;ne;ne;ne;ne
16/12/2019;12.5;16;9.1;7.5;1.2;90;91;1021;0;0;0;0;ne;ne;ne;ne;ne;ne;ne;ne;ne;ne;ne;ne;ne;ne;ne;ne;ne;ne;ne;ne;ne;ne;da;ne;ne;da;ne;ne;ne;ne;ne;ne;ne
17/12/2019;15;18.5;11.2;10;3.3;70;82;1020;0;0;0;0.7;ne;ne;ne;ne;ne;ne;ne;ne;ne;ne;ne;ne;ne;ne;ne;ne;ne;ne;ne;ne;ne;ne;ne;ne;ne;ne;ne;ne;ne;ne;ne;ne;ne
18/12/2019;14;18.4;12.4;11.3;1.9;63;84;1023;0;0;0;2.6;ne;ne;da;ne;ne;ne;ne;ne;ne;ne;ne;ne;ne;ne;ne;ne;ne;ne;ne;ne;da;ne;da;ne;ne;da;ne;ne;ne;ne;ne;ne;ne
19/12/2019;13.6;17;11.2;8.6;2.2;93;89;1020;2.3;0;0;0;da;ne;da;ne;ne;ne;ne;ne;ne;ne;ne;ne;ne;ne;ne;ne;ne;ne;ne;ne;ne;ne;da;ne;ne;ne;ne;ne;ne;ne;ne;da;ne
20/12/2019;13.1;14.9;10.5;9.1;3.8;70;83;1009;9.6;0;0;1.6;da;ne;da;ne;ne;ne;ne;ne;ne;ne;ne;ne;ne;ne;ne;ne;ne;ne;ne;ne;ne;ne;ne;ne;ne;da;ne;ne;ne;ne;ne;da;ne
21/12/2019;14.1;17.2;12.2;12.1;5.5;67;79;994;3.6;0;0;0.2;da;ne;da;ne;da;da;ne;ne;ne;ne;ne;ne;ne;ne;ne;ne;ne;ne;ne;ne;ne;ne;da;ne;ne;ne;ne;ne;ne;ne;ne;da;ne
22/12/2019;10.3;12.2;8.5;8.6;3.4;97;87;987;30.4;0;0;0;da;ne;da;ne;ne;ne;ne;ne;ne;ne;ne;ne;ne;ne;ne;ne;ne;ne;ne;ne;ne;ne;da;ne;ne;ne;ne;ne;ne;ne;ne;da;ne
23/12/2019;7.8;13.1;5.9;4.7;2.4;53;90;1003;39.6;0;0;4.4;ne;ne;ne;ne;ne;ne;ne;ne;ne;ne;ne;ne;ne;ne;ne;ne;ne;ne;ne;ne;ne;ne;ne;ne;ne;da;ne;ne;ne;ne;ne;da;ne
24/12/2019;6.8;12.6;3;1.8;2.5;50;87;1014;0;0;0;2.9;ne;ne;ne;ne;ne;ne;ne;ne;ne;ne;ne;ne;ne;ne;ne;ne;ne;ne;ne;ne;ne;ne;ne;ne;ne;da;ne;ne;ne;ne;ne;ne;ne
25/12/2019;6.2;14.3;2.2;1;2.6;0;86;1015;0;0;0;7.8;ne;ne;ne;ne;ne;ne;ne;ne;ne;ne;ne;ne;ne;ne;ne;ne;ne;ne;ne;ne;ne;ne;ne;ne;ne;da;ne;ne;ne;ne;ne;ne;ne
26/12/2019;6.2;12.4;1.9;0.1;1.7;33;78;1022;0;0;0;7.4;ne;ne;ne;ne;ne;ne;ne;ne;ne;ne;ne;ne;ne;ne;ne;ne;ne;ne;ne;ne;ne;ne;ne;ne;ne;da;ne;ne;ne;ne;ne;ne;ne
27/12/2019;8;12.8;3.8;3.1;2.3;40;71;1022;0;0;0;3.5;ne;ne;ne;ne;ne;ne;ne;ne;ne;ne;ne;ne;ne;ne;ne;ne;ne;ne;ne;ne;ne;ne;ne;ne;ne;da;ne;ne;ne;ne;ne;ne;ne
28/12/2019;6.2;10.9;2.2;-0.6;2.4;20;49;1031;0;0;0;5.1;ne;ne;ne;ne;ne;ne;ne;ne;ne;ne;ne;ne;ne;ne;ne;ne;ne;ne;ne;ne;ne;ne;ne;ne;ne;da;ne;ne;ne;ne;ne;ne;ne
29/12/2019;3.7;8.1;-1.3;-4.4;2;7;45;1034;0;0;0;7.6;ne;ne;ne;ne;ne;ne;ne;ne;ne;ne;ne;ne;ne;ne;ne;ne;ne;ne;ne;ne;ne;ne;ne;ne;ne;da;ne;ne;ne;ne;ne;ne;ne
30/12/2019;3;10.2;-0.1;-6.7;2.2;3;47;1035;0;0;0;7.8;ne;ne;ne;ne;ne;ne;ne;ne;ne;ne;ne;ne;ne;ne;ne;ne;ne;ne;ne;ne;ne;ne;ne;ne;ne;ne;da;ne;ne;ne;ne;ne;ne
31/12/2019;2.5;10.1;-1.5;-3.4;2.6;40;65;1029;0;0;0;4.6;ne;ne;ne;ne;ne;ne;ne;ne;ne;ne;ne;ne;ne;ne;ne;ne;ne;ne;ne;ne;ne;ne;ne;ne;ne;ne;da;ne;ne;ne;ne;ne;ne
